date,description,amount,type,category
2020-01-02,Score each.,-1485.69,debit,Food & Drink
2020-01-02,Quality throughout.,-1475.58,debit,Utilities
2020-01-04,Instead ahead despite measure ago.,-1185.08,debit,Rent
2020-01-05,Information last everything thank serve.,2291.0,credit,Investment
2020-01-13,Future choice whatever from.,-1126.88,debit,Food & Drink
2020-01-14,Benefit suggest page southern.,-448.68,debit,Shopping
2020-01-18,By two bad fall pick.,-1520.03,debit,Food & Drink
2020-01-19,Court attorney product significant world.,3287.0,credit,Other
2020-01-21,Herself law.,-1914.85,debit,Entertainment
2020-01-25,Have decide environment.,-766.06,debit,Rent
2020-01-25,Play move each left establish.,-1211.41,debit,Health & Fitness
2020-01-26,Range successful simply.,-1077.09,debit,Salary
2020-01-29,Source husband.,-166.81,debit,Shopping
2020-01-30,Tree note responsibility.,-1158.93,debit,Health & Fitness
2020-01-31,How trip learn enter.,-1325.91,debit,Food & Drink
2020-01-31,Much section investment on gun.,-1712.08,debit,Rent
2020-01-31,Management sense technology check civil.,-563.17,debit,Shopping
2020-02-02,As high you more wife.,-333.68,debit,Health & Fitness
2020-02-04,Race mr.,-1406.62,debit,Travel
2020-02-05,Born itself law west.,-1222.17,debit,Rent
2020-02-05,Seven medical blood personal.,1838.0,credit,Investment
2020-02-07,Current hear claim well two.,-1979.15,debit,Travel
2020-02-07,Food affect upon these story.,-1372.38,debit,Entertainment
2020-02-08,Staff within mouth call.,3786.0,credit,Other
2020-02-08,Around there water.,-465.81,debit,Food & Drink
2020-02-09,Close month parent who up.,-1827.14,debit,Entertainment
2020-02-11,Human public health.,-433.13,debit,Health & Fitness
2020-02-13,Building different full open.,-294.31,debit,Salary
2020-02-15,Detail audience piece director town.,4009.0,credit,Other
2020-02-16,Method everything.,-730.37,debit,Shopping
2020-02-16,Much rich think.,-1023.96,debit,Utilities
2020-02-18,Drug list imagine behind.,1398.0,credit,Investment
2020-02-19,Interest level rock pull.,3958.0,credit,Investment
2020-02-20,I fund.,-769.42,debit,Shopping
2020-02-26,Court movie cell.,-1942.45,debit,Travel
2020-02-27,Leg themselves away.,-1363.76,debit,Food & Drink
2020-02-28,Anything yourself.,3286.0,credit,Other
2020-02-28,Unit support.,1795.0,credit,Other
2020-02-29,Magazine degree husband around.,-1944.06,debit,Travel
2020-03-03,World enter.,-1742.33,debit,Rent
2020-03-04,Institution whatever yet.,-314.15,debit,Entertainment
2020-03-04,Choice father why often.,-1201.9,debit,Food & Drink
2020-03-09,Security arm.,-1858.91,debit,Rent
2020-03-09,Me system church whether.,-486.51,debit,Travel
2020-03-11,Attention attack technology.,-180.45,debit,Rent
2020-03-11,Walk now often.,-1956.19,debit,Rent
2020-03-12,Enter capital population.,-537.46,debit,Utilities
2020-03-12,Bank price north first end.,-265.5,debit,Utilities
2020-03-14,Upon very act perform.,-1929.08,debit,Shopping
2020-03-15,Available defense.,-1428.77,debit,Entertainment
2020-03-18,Value thing these.,-881.82,debit,Health & Fitness
2020-03-21,Citizen street region.,-503.33,debit,Rent
2020-03-23,Property never.,2385.0,credit,Investment
2020-03-23,Enough threat score.,-151.28,debit,Food & Drink
2020-03-24,Example decision garden.,-144.13,debit,Entertainment
2020-03-28,Major town suffer begin.,1080.0,credit,Other
2020-04-01,Analysis four capital.,-1341.27,debit,Travel
2020-04-05,Scientist necessary into.,-1449.47,debit,Utilities
2020-04-06,Along hard need involve among.,-388.92,debit,Shopping
2020-04-06,Away third.,-493.56,debit,Salary
2020-04-10,Together decide.,3402.0,credit,Other
2020-04-17,Government nice.,-1729.04,debit,Salary
2020-04-17,See understand door class son.,996.0,credit,Investment
2020-04-18,Agent say forward us.,-1603.18,debit,Health & Fitness
2020-04-22,City red him.,2058.0,credit,Investment
2020-04-23,Develop staff least figure.,-849.54,debit,Utilities
2020-04-25,Age cover foreign.,-1750.23,debit,Entertainment
2020-04-26,Go meeting quickly.,914.0,credit,Investment
2020-04-26,Voice boy wife condition.,-1938.3,debit,Food & Drink
2020-04-27,Paper memory history office.,-1730.65,debit,Entertainment
2020-04-27,Board its.,-340.96,debit,Entertainment
2020-04-29,Remember ability.,-764.16,debit,Utilities
2020-04-30,Hair attorney professional.,-1853.77,debit,Travel
2020-05-01,Finish summer rest feel finally.,-851.78,debit,Travel
2020-05-03,I fast camera inside.,-318.05,debit,Salary
2020-05-03,Past feeling nature.,-1162.57,debit,Food & Drink
2020-05-05,Expert involve oil.,-123.76,debit,Health & Fitness
2020-05-06,Kid put memory soldier.,-123.19,debit,Utilities
2020-05-06,Exist professional.,-146.36,debit,Utilities
2020-05-07,Stand seem.,3807.0,credit,Investment
2020-05-11,Southern challenge animal.,825.0,credit,Investment
2020-05-12,Sure authority increase picture create.,-1318.17,debit,Shopping
2020-05-13,Hundred challenge reach throughout.,-1870.07,debit,Health & Fitness
2020-05-14,Despite sound receive let.,-484.99,debit,Health & Fitness
2020-05-15,True building card.,-919.88,debit,Travel
2020-05-16,Write other wear through partner.,-28.54,debit,Rent
2020-05-17,Store natural today season.,-155.79,debit,Rent
2020-05-19,Else easy point she.,-273.59,debit,Travel
2020-05-20,Phone ever back experience.,-1759.75,debit,Rent
2020-05-21,Floor music catch discuss.,-881.99,debit,Utilities
2020-05-25,Ask imagine my.,-1227.24,debit,Travel
2020-05-27,Deal information.,-1339.05,debit,Food & Drink
2020-05-28,Task she.,-1878.47,debit,Rent
2020-05-29,Accept goal send table.,1376.0,credit,Investment
2020-05-30,Section national owner determine detail.,-551.97,debit,Utilities
2020-05-31,Ahead from quickly identify.,-415.16,debit,Health & Fitness
2020-05-31,Try wonder move trade.,-1015.76,debit,Travel
2020-06-01,Base investment.,-193.67,debit,Food & Drink
2020-06-02,Anyone here deep.,-97.73,debit,Travel
2020-06-05,Seven here sell story.,-1277.86,debit,Utilities
2020-06-06,Like see.,-1107.84,debit,Salary
2020-06-07,Difference attention whatever american.,-232.63,debit,Food & Drink
2020-06-08,Current after charge.,-1095.72,debit,Utilities
2020-06-09,Paper white responsibility.,826.0,credit,Other
2020-06-09,Prove nor design record.,-865.28,debit,Utilities
2020-06-10,Blue agent find.,-1367.31,debit,Entertainment
2020-06-10,Walk cup option store.,-1562.43,debit,Health & Fitness
2020-06-11,Recent feeling.,-1947.94,debit,Shopping
2020-06-11,Site girl into have media.,-1730.57,debit,Entertainment
2020-06-12,Support state.,-1764.02,debit,Utilities
2020-06-14,Whether player stock religious.,3872.0,credit,Other
2020-06-15,Safe whole establish.,-540.94,debit,Entertainment
2020-06-18,Everything late.,2322.0,credit,Other
2020-06-18,Let stay or focus.,-771.26,debit,Rent
2020-06-18,Particular her agreement surface consider.,3364.0,credit,Other
2020-06-19,Act way beat result major.,-663.24,debit,Shopping
2020-06-19,Something future they red.,-453.62,debit,Entertainment
2020-06-21,Position make society behavior.,-708.78,debit,Travel
2020-06-21,Reality fill ok list.,-1879.08,debit,Health & Fitness
2020-06-22,International second former reflect.,1962.0,credit,Other
2020-06-22,Edge building court.,-86.13,debit,Travel
2020-06-24,Week real course school everybody.,-1459.8,debit,Health & Fitness
2020-06-30,Executive beyond create dinner conference.,-776.54,debit,Rent
2020-06-30,Call animal approach factor want.,-98.33,debit,Travel
2020-07-02,Their off.,-734.8,debit,Entertainment
2020-07-03,Key continue anything wait.,3071.0,credit,Other
2020-07-04,State husband.,-1442.31,debit,Rent
2020-07-05,Picture approach chance none fight.,-1337.12,debit,Travel
2020-07-06,Newspaper indicate other.,-1113.28,debit,Travel
2020-07-06,Herself training father open investment.,1925.0,credit,Other
2020-07-08,Art whether between several personal.,-818.09,debit,Travel
2020-07-11,Church community.,-580.96,debit,Travel
2020-07-12,Able late order.,-935.33,debit,Health & Fitness
2020-07-12,Discuss religious.,-1027.24,debit,Entertainment
2020-07-13,Reach under.,-1321.11,debit,Utilities
2020-07-17,Boy different chance enter.,-195.84,debit,Health & Fitness
2020-07-20,Arrive society.,-1348.86,debit,Entertainment
2020-07-21,Matter management ball.,1096.0,credit,Other
2020-07-21,Keep light fight.,-303.23,debit,Entertainment
2020-07-22,Million kind everything young.,-1786.39,debit,Food & Drink
2020-07-22,Week yourself public especially american.,-495.53,debit,Shopping
2020-07-22,Same page ago director.,-1439.51,debit,Entertainment
2020-07-23,Why like impact fly.,-1559.06,debit,Rent
2020-07-24,Form really explain.,-109.93,debit,Salary
2020-07-28,Already because education break significant.,-918.36,debit,Rent
2020-07-28,Price my.,-1900.58,debit,Health & Fitness
2020-07-29,Could gun.,-1662.83,debit,Shopping
2020-07-30,Kind appear environment capital explain.,-1489.87,debit,Utilities
2020-07-31,Ahead picture son.,-1506.04,debit,Travel
2020-08-01,Water positive child usually.,-556.45,debit,Entertainment
2020-08-01,Relate indeed lot line lead.,2420.0,credit,Other
2020-08-01,Nearly need behavior.,-1533.97,debit,Travel
2020-08-02,Course out second carry.,-1787.12,debit,Health & Fitness
2020-08-03,Significant take future.,2394.0,credit,Investment
2020-08-04,Star executive fear.,-1415.77,debit,Utilities
2020-08-04,Your majority chance mrs generation.,3210.0,credit,Other
2020-08-04,Help usually thank wonder draw.,-133.91,debit,Shopping
2020-08-05,Task improve fish.,-1810.63,debit,Shopping
2020-08-05,History professional star wonder.,-1714.9,debit,Food & Drink
2020-08-06,Call whole.,-959.19,debit,Shopping
2020-08-08,Address century that wide.,-1081.06,debit,Shopping
2020-08-08,Them key.,-1509.42,debit,Travel
2020-08-09,Sit enter perhaps however.,-981.58,debit,Entertainment
2020-08-13,System teacher here first.,-67.76,debit,Salary
2020-08-14,Along attention piece tv young.,-1451.12,debit,Shopping
2020-08-16,Within set region beyond.,-1961.64,debit,Utilities
2020-08-17,Tough animal someone.,-1187.87,debit,Shopping
2020-08-18,Hear certainly most not.,-1289.07,debit,Rent
2020-08-19,Company participant him.,1988.0,credit,Other
2020-08-20,Tree central leave effect.,3181.0,credit,Other
2020-08-21,Together let.,-681.63,debit,Health & Fitness
2020-08-21,Citizen kid generation onto police.,-1506.5,debit,Travel
2020-08-22,Lead few yourself.,-1671.47,debit,Travel
2020-08-22,Down occur.,-1999.82,debit,Food & Drink
2020-08-26,Yeah far within.,-1564.65,debit,Rent
2020-08-27,Seat strategy total simply discover.,1748.0,credit,Investment
2020-08-27,Account ten sing.,-1899.73,debit,Food & Drink
2020-08-29,Pm per question.,-1342.22,debit,Salary
2020-08-30,Best physical always small almost.,-935.42,debit,Entertainment
2020-08-31,Bed far section.,-343.9,debit,Health & Fitness
2020-09-01,Car much will.,-1557.81,debit,Rent
2020-09-05,Tree store either station.,1385.0,credit,Other
2020-09-05,Second full boy.,-1155.84,debit,Travel
2020-09-06,Senior difficult put.,-799.34,debit,Shopping
2020-09-07,Hand so add mr lawyer.,-1188.27,debit,Rent
2020-09-08,Herself police he push likely.,-212.78,debit,Entertainment
2020-09-11,Doctor mr.,-147.22,debit,Health & Fitness
2020-09-11,Trip determine as statement.,-1594.49,debit,Rent
2020-09-11,Bring animal also you.,-700.94,debit,Food & Drink
2020-09-16,He we recent music.,-1700.66,debit,Food & Drink
2020-09-17,Those pressure street.,-872.71,debit,Rent
2020-09-17,Allow have kitchen.,-1417.54,debit,Salary
2020-09-18,Between rate name within.,-1235.67,debit,Travel
2020-09-18,Huge couple.,-935.1,debit,Salary
2020-09-22,Begin deep police wife.,-651.39,debit,Travel
2020-09-22,During call north attention.,-565.07,debit,Rent
2020-09-22,Only spend do.,-1144.0,debit,Salary
2020-09-23,Produce ago.,-980.22,debit,Utilities
2020-09-23,Able teach certain candidate economy.,-67.11,debit,Health & Fitness
2020-09-25,So draw food company.,-687.27,debit,Travel
2020-09-27,Score moment second.,-1116.02,debit,Travel
2020-09-27,Sing message board mean.,-180.37,debit,Entertainment
2020-09-27,Feeling poor all your suggest.,-1114.8,debit,Salary
2020-09-29,Make travel.,-1295.35,debit,Salary
2020-09-30,Focus chance.,-195.18,debit,Food & Drink
2020-10-01,Person one republican.,-619.35,debit,Entertainment
2020-10-03,Most law painting between reduce.,-1111.41,debit,Salary
2020-10-04,Involve thousand including.,-710.1,debit,Health & Fitness
2020-10-07,Rather listen before.,3084.0,credit,Investment
2020-10-07,It season.,2069.0,credit,Investment
2020-10-07,Indeed believe interview professor.,-510.29,debit,Travel
2020-10-08,News only no.,-560.23,debit,Salary
2020-10-08,Improve them wait.,-1961.22,debit,Travel
2020-10-10,Why outside.,-462.69,debit,Travel
2020-10-10,Official defense.,4875.0,credit,Investment
2020-10-10,Suggest glass news.,946.0,credit,Investment
2020-10-12,Off southern suddenly.,-1279.36,debit,Utilities
2020-10-14,Participant price.,-1746.71,debit,Rent
2020-10-15,Congress reflect.,-962.64,debit,Salary
2020-10-16,Heavy law church.,-1158.27,debit,Rent
2020-10-16,Scientist will begin.,-1646.01,debit,Rent
2020-10-16,Go consider century price.,-512.43,debit,Food & Drink
2020-10-18,Since nothing be apply.,-306.9,debit,Utilities
2020-10-19,Anyone bank kitchen interest parent.,-179.51,debit,Travel
2020-10-23,Democratic mention generation.,-1216.57,debit,Shopping
2020-10-24,Question or money.,-1553.63,debit,Entertainment
2020-10-26,Determine worker.,-601.73,debit,Salary
2020-10-27,Daughter war.,-617.71,debit,Shopping
2020-10-27,Face build market.,-1895.7,debit,Rent
2020-10-27,Can mouth discover.,-536.65,debit,Entertainment
2020-10-28,Author technology amount affect.,1923.0,credit,Investment
2020-10-29,Office of remember individual.,-15.32,debit,Utilities
2020-10-30,Again foot soon peace.,-589.61,debit,Salary
2020-10-31,Join black.,-1408.95,debit,Travel
2020-11-01,Hundred bad that second develop.,-1848.58,debit,Entertainment
2020-11-01,Member box.,-856.03,debit,Entertainment
2020-11-02,Town glass road.,-1817.74,debit,Utilities
2020-11-04,Bill eight community.,-128.68,debit,Rent
2020-11-06,Concern significant.,-883.92,debit,Travel
2020-11-07,Senior service large under.,-1402.47,debit,Travel
2020-11-09,Follow wife firm key light.,-881.14,debit,Salary
2020-11-10,Option goal avoid.,-1471.72,debit,Shopping
2020-11-10,Also hard expert popular.,-191.74,debit,Food & Drink
2020-11-12,Training occur could painting.,-1156.73,debit,Travel
2020-11-12,Order his oil west school.,-1999.15,debit,Food & Drink
2020-11-14,Whatever late specific.,-946.3,debit,Utilities
2020-11-14,Mean common.,-371.16,debit,Travel
2020-11-14,Yard model particular hair.,-1938.42,debit,Salary
2020-11-14,Impact full our smile.,-673.28,debit,Shopping
2020-11-15,Form newspaper.,-666.31,debit,Utilities
2020-11-15,Edge surface who.,-1328.54,debit,Travel
2020-11-16,Bank professional true financial.,-915.1,debit,Food & Drink
2020-11-16,Organization visit finally.,-240.68,debit,Health & Fitness
2020-11-17,Spend prove stock school.,-1318.74,debit,Food & Drink
2020-11-20,Position interest.,-117.87,debit,Shopping
2020-11-22,Guy congress.,-1254.56,debit,Salary
2020-11-23,Way main difficult case.,-541.44,debit,Entertainment
2020-11-25,Such big side.,4089.0,credit,Other
2020-11-25,Product then.,-251.64,debit,Salary
2020-11-26,Heavy class story side speak.,-1422.47,debit,Entertainment
2020-11-27,Analysis hair rest wide.,-1108.98,debit,Food & Drink
2020-11-27,Doctor dream whole six.,4280.0,credit,Investment
2020-11-29,Question now key show.,-1001.77,debit,Utilities
2020-12-01,Month whom stage soon.,-836.83,debit,Travel
2020-12-05,Appear lose he.,-495.02,debit,Salary
2020-12-05,Surface expect several evening town.,-389.31,debit,Shopping
2020-12-06,Begin treat stage this.,-1729.41,debit,Utilities
2020-12-10,Agreement us stuff.,-1642.89,debit,Travel
2020-12-10,Apply maybe dog yes.,-686.35,debit,Shopping
2020-12-11,Case expert stop.,-1676.58,debit,Travel
2020-12-12,Large accept bad eight.,-1731.87,debit,Salary
2020-12-13,Vote participant institution simply down.,-696.8,debit,Salary
2020-12-14,Draw police.,-916.14,debit,Shopping
2020-12-14,Book toward.,-1961.74,debit,Entertainment
2020-12-16,Place offer.,-474.79,debit,Shopping
2020-12-16,Investment pass drive.,-643.17,debit,Food & Drink
2020-12-16,Professor beat window.,-778.3,debit,Shopping
2020-12-18,Wonder effect administration small.,1322.0,credit,Other
2020-12-18,Name skill medical after them.,-995.7,debit,Utilities
2020-12-20,And national spend.,-1447.66,debit,Food & Drink
2020-12-20,Run pick sign.,-208.43,debit,Salary
2020-12-22,Wonder long consider care.,-158.91,debit,Utilities
2020-12-23,Fall analysis.,-683.74,debit,Travel
2020-12-23,Firm financial.,-1705.01,debit,Rent
2020-12-24,List already positive experience television.,-1908.74,debit,Shopping
2020-12-25,Event son join hundred.,-1746.04,debit,Salary
2020-12-26,Fund cost reality happen.,2423.0,credit,Investment
2020-12-28,Song risk bad.,-1994.88,debit,Travel
2020-12-30,Family bill foreign fast knowledge.,-1956.89,debit,Shopping
2020-12-31,Ready goal amount.,-892.92,debit,Rent
2021-01-01,Your ever woman way avoid.,-101.52,debit,Food & Drink
2021-01-06,Call door.,-1067.02,debit,Entertainment
2021-01-06,Message seek civil all.,-723.34,debit,Travel
2021-01-08,Him note painting quickly.,-348.27,debit,Utilities
2021-01-10,Know baby case happen.,2472.0,credit,Other
2021-01-10,Economic box save.,-472.06,debit,Utilities
2021-01-11,Hit no energy employee land.,-518.1,debit,Salary
2021-01-12,Customer career available common.,2856.0,credit,Other
2021-01-13,Specific whose.,-156.99,debit,Utilities
2021-01-13,Remember nearly face feel.,-1281.49,debit,Travel
2021-01-14,Soldier meeting building.,-919.1,debit,Travel
2021-01-14,Door management guess.,-1708.14,debit,Shopping
2021-01-15,Huge response long.,-53.66,debit,Travel
2021-01-15,Level work candidate this.,3440.0,credit,Other
2021-01-17,Statement available win politics.,-556.22,debit,Shopping
2021-01-17,Quite general there sister.,-1822.13,debit,Food & Drink
2021-01-19,Item treat area.,-1553.72,debit,Travel
2021-01-20,Check clearly follow remember generation.,-445.82,debit,Health & Fitness
2021-01-24,Suffer economy play.,1620.0,credit,Other
2021-01-26,By field move.,-624.78,debit,Food & Drink
2021-01-27,Option oil commercial.,-1467.4,debit,Health & Fitness
2021-01-27,American tell ball we side.,3176.0,credit,Other
2021-01-27,Short indicate police.,-409.58,debit,Utilities
2021-01-27,Nation politics few each southern.,-1066.4,debit,Health & Fitness
2021-01-29,Law read citizen.,-521.37,debit,Utilities
2021-02-02,Less future century technology.,-1935.09,debit,Salary
2021-02-05,Wish candidate have no.,-1610.42,debit,Health & Fitness
2021-02-05,Letter environment easy.,-290.11,debit,Rent
2021-02-08,Face his.,-1934.87,debit,Shopping
2021-02-08,While total spend.,-189.7,debit,Health & Fitness
2021-02-09,Couple city you level.,-1077.78,debit,Travel
2021-02-09,Age war measure whom.,-1173.27,debit,Travel
2021-02-11,Good anything manager think pressure.,-225.61,debit,Health & Fitness
2021-02-11,Mr suggest issue.,-1242.9,debit,Food & Drink
2021-02-13,Shake hand hundred now.,-1831.36,debit,Health & Fitness
2021-02-16,Network available mean share.,-1274.45,debit,Rent
2021-02-18,Quite budget window hour some.,-1301.99,debit,Travel
2021-02-19,Voice sense current meeting matter.,804.0,credit,Investment
2021-02-20,Case four.,-241.08,debit,Salary
2021-02-21,Lead paper middle foreign party.,-783.41,debit,Utilities
2021-02-23,Wrong school federal from.,-1178.81,debit,Shopping
2021-02-24,Majority none little admit former.,-1313.29,debit,Shopping
2021-02-27,On someone rise read.,-1878.72,debit,Shopping
2021-02-28,Listen whose situation simply officer.,-442.37,debit,Health & Fitness
2021-03-02,Occur red.,4960.0,credit,Other
2021-03-02,Kid industry.,-130.49,debit,Health & Fitness
2021-03-02,Lose modern return simple herself.,-1712.35,debit,Entertainment
2021-03-04,Improve simple turn.,-1898.53,debit,Rent
2021-03-05,Million night your.,-1328.91,debit,Rent
2021-03-05,Heavy what least mouth national.,-110.65,debit,Food & Drink
2021-03-07,Machine whatever everything fear walk.,-1576.09,debit,Utilities
2021-03-07,Relate real major.,-1176.9,debit,Entertainment
2021-03-08,Night various return explain.,-663.83,debit,Entertainment
2021-03-09,Here woman stand west source.,2771.0,credit,Investment
2021-03-09,Explain research.,-1975.18,debit,Utilities
2021-03-10,Pretty section degree still.,-228.75,debit,Utilities
2021-03-12,Receive case past only drug.,-39.57,debit,Utilities
2021-03-15,Race case.,929.0,credit,Other
2021-03-15,Point appear including.,-1181.82,debit,Entertainment
2021-03-16,Imagine various there.,4809.0,credit,Other
2021-03-16,Sense expert experience.,4401.0,credit,Investment
2021-03-17,Present discussion.,-1031.34,debit,Health & Fitness
2021-03-17,Individual study value.,855.0,credit,Investment
2021-03-18,Small control see the.,-921.5,debit,Travel
2021-03-19,Across nothing.,-1997.19,debit,Food & Drink
2021-03-20,Expect writer myself management.,-1375.33,debit,Shopping
2021-03-21,Life cover both class.,-156.25,debit,Salary
2021-03-22,Foreign husband believe word local.,-912.89,debit,Travel
2021-03-22,Purpose cover particularly police if.,3620.0,credit,Other
2021-03-22,Responsibility add front.,1038.0,credit,Investment
2021-03-23,End dog.,-1588.26,debit,Rent
2021-03-23,Few reveal activity president.,4023.0,credit,Investment
2021-03-24,Property let.,-833.49,debit,Entertainment
2021-03-25,Rather type thousand show.,-837.82,debit,Shopping
2021-03-26,Happen determine whatever.,3060.0,credit,Other
2021-03-27,Lawyer writer health.,-1907.65,debit,Health & Fitness
2021-03-28,Serious soon stay seven.,-143.6,debit,Salary
2021-03-29,Land region back nor article.,-869.43,debit,Rent
2021-03-30,Dark mr clearly take.,-1625.42,debit,Health & Fitness
2021-04-01,Quite response.,-1343.33,debit,Health & Fitness
2021-04-02,Together knowledge.,-1737.5,debit,Shopping
2021-04-03,How staff.,-317.91,debit,Entertainment
2021-04-03,Car indeed nor next.,-1204.82,debit,Travel
2021-04-03,Authority interest red must art.,-706.73,debit,Rent
2021-04-08,Year him thank trade.,-1691.86,debit,Shopping
2021-04-08,All important shoulder she.,-1527.59,debit,Rent
2021-04-09,Radio product.,-1221.9,debit,Food & Drink
2021-04-11,President girl condition.,-67.62,debit,Travel
2021-04-11,More road development about.,-1843.86,debit,Travel
2021-04-12,Leg rest interest.,-1741.03,debit,Utilities
2021-04-13,Easy get every.,-148.47,debit,Shopping
2021-04-18,Special information.,-192.6,debit,Food & Drink
2021-04-19,Deal beyond almost.,-845.47,debit,Shopping
2021-04-19,Scientist i doctor.,-630.16,debit,Health & Fitness
2021-04-19,Cell year.,-1767.85,debit,Rent
2021-04-19,Five our pull fly few.,1168.0,credit,Investment
2021-04-21,Determine feel article we they.,-976.47,debit,Shopping
2021-04-23,Quickly new another general poor.,-438.98,debit,Travel
2021-04-23,Five indicate chance heavy senior.,-865.53,debit,Health & Fitness
2021-04-24,Support feeling remain.,-1058.6,debit,Salary
2021-04-27,None whose.,-796.57,debit,Entertainment
2021-04-27,Care drug data position two.,-416.8,debit,Food & Drink
2021-04-27,Movie stop.,-1530.68,debit,Utilities
2021-04-30,Help painting always.,-25.38,debit,Rent
2021-05-02,Source onto provide.,-267.08,debit,Utilities
2021-05-04,Decade trade field training.,-1005.52,debit,Entertainment
2021-05-04,While bring yourself.,-153.43,debit,Health & Fitness
2021-05-06,Receive region however.,-878.08,debit,Food & Drink
2021-05-07,Have including none.,-816.01,debit,Rent
2021-05-07,Focus executive letter possible final.,-1725.6,debit,Rent
2021-05-07,Third letter sort reveal seven.,-1421.9,debit,Shopping
2021-05-10,Administration network once.,-1604.63,debit,Utilities
2021-05-11,Charge form here.,-185.38,debit,Health & Fitness
2021-05-11,Nearly want front shake.,-877.0,debit,Entertainment
2021-05-12,Leave run goal cause.,-797.58,debit,Rent
2021-05-14,Contain threat wrong whatever.,-450.93,debit,Health & Fitness
2021-05-14,Stuff avoid.,-1025.86,debit,Rent
2021-05-15,Include successful.,3362.0,credit,Investment
2021-05-17,Religious across.,-480.18,debit,Utilities
2021-05-19,Health pay project pattern.,1921.0,credit,Investment
2021-05-22,Administration mother in admit.,-362.52,debit,Rent
2021-05-23,Within admit spend purpose south.,-933.27,debit,Salary
2021-05-24,Truth modern.,-1365.46,debit,Salary
2021-05-24,People education great.,-1729.85,debit,Health & Fitness
2021-05-24,Health image.,-885.13,debit,Utilities
2021-05-25,Wrong difficult range.,-1594.7,debit,Travel
2021-05-25,Behavior here.,-1019.6,debit,Health & Fitness
2021-05-27,Argue act commercial matter.,-84.84,debit,Salary
2021-05-27,Not teach believe month.,-162.69,debit,Travel
2021-05-29,Deep test thought.,-1233.87,debit,Rent
2021-05-30,Another avoid understand.,-1164.86,debit,Salary
2021-05-31,Up federal nor note.,-649.84,debit,Entertainment
2021-05-31,Probably conference sure administration debate.,-904.97,debit,Food & Drink
2021-06-02,Forward sense cause write right.,-1915.87,debit,Utilities
2021-06-02,Approach join stuff future.,-1964.95,debit,Health & Fitness
2021-06-03,Ahead event yeah make.,820.0,credit,Investment
2021-06-06,Wait it quickly produce beat.,-1982.06,debit,Salary
2021-06-06,Require bank child.,-734.16,debit,Utilities
2021-06-06,First blood accept final.,-823.45,debit,Shopping
2021-06-09,Bill beautiful issue.,-1580.56,debit,Food & Drink
2021-06-11,Mention billion bed never others.,-666.08,debit,Rent
2021-06-11,Activity including single right.,-575.45,debit,Shopping
2021-06-14,Occur college herself.,-673.39,debit,Utilities
2021-06-15,Feeling manage as.,-1834.33,debit,Utilities
2021-06-16,Inside machine baby.,-266.61,debit,Shopping
2021-06-20,Result many pattern.,-626.07,debit,Rent
2021-06-20,Career according.,-1628.24,debit,Health & Fitness
2021-06-22,Success here television key.,-1295.59,debit,Rent
2021-06-23,Carry fly water cut fire.,-46.28,debit,Health & Fitness
2021-06-24,Fact reason make office.,-690.05,debit,Entertainment
2021-06-26,Heavy staff hotel box.,-460.82,debit,Entertainment
2021-06-27,Or nation race.,2923.0,credit,Investment
2021-06-28,Cause field education child.,-1198.52,debit,Utilities
2021-06-28,Available wrong look husband.,1856.0,credit,Investment
2021-06-28,Well left.,-1020.3,debit,Rent
2021-06-28,Something story attorney summer.,-1327.24,debit,Food & Drink
2021-06-29,Myself so growth time.,-827.61,debit,Food & Drink
2021-07-04,Point be shoulder price great.,-1939.48,debit,Entertainment
2021-07-04,Worker quality hundred sell whole.,-475.67,debit,Salary
2021-07-04,Action else.,-1808.91,debit,Salary
2021-07-06,Newspaper reach determine hear leg.,4282.0,credit,Other
2021-07-07,General agency bit.,-1010.78,debit,Shopping
2021-07-09,Break wait.,-1635.61,debit,Utilities
2021-07-09,Find lay deal lot.,-1747.27,debit,Utilities
2021-07-10,Feel special.,-1425.69,debit,Rent
2021-07-10,Just recent.,3540.0,credit,Other
2021-07-11,Support possible.,-577.28,debit,Rent
2021-07-11,Might necessary former.,-904.15,debit,Travel
2021-07-11,Discussion if continue policy.,-192.51,debit,Shopping
2021-07-12,Ahead pass culture or.,-1770.41,debit,Salary
2021-07-13,Relate day.,-115.98,debit,Shopping
2021-07-14,Big the cost for leader.,-778.47,debit,Entertainment
2021-07-15,Month police others particularly.,730.0,credit,Investment
2021-07-19,Girl suddenly.,-1679.96,debit,Rent
2021-07-19,Try opportunity public.,-283.82,debit,Utilities
2021-07-23,Home others offer institution main.,4174.0,credit,Other
2021-07-23,Draw bring health.,-1395.18,debit,Salary
2021-07-24,Never majority cell.,-47.82,debit,Rent
2021-07-28,People tend weight machine.,-1102.12,debit,Utilities
2021-07-29,White measure manager range.,-231.26,debit,Shopping
2021-08-02,Major bar air set.,-252.48,debit,Travel
2021-08-06,Ever mrs.,-134.99,debit,Salary
2021-08-07,Not significant manager member.,-1197.51,debit,Salary
2021-08-07,Environmental myself.,1676.0,credit,Investment
2021-08-08,State among rest national wrong.,-1233.47,debit,Food & Drink
2021-08-09,Fear yourself last.,-382.75,debit,Shopping
2021-08-11,Keep yes.,-144.68,debit,Health & Fitness
2021-08-13,Specific onto go.,-787.0,debit,Food & Drink
2021-08-13,Pattern size spend.,-1962.27,debit,Shopping
2021-08-15,Go exactly much food region.,-720.62,debit,Food & Drink
2021-08-16,Environment teach world quickly believe.,1349.0,credit,Investment
2021-08-18,Yeah term.,-275.49,debit,Health & Fitness
2021-08-20,Economic represent stock.,-1628.88,debit,Health & Fitness
2021-08-21,Central plan physical heart.,4420.0,credit,Other
2021-08-21,Idea seek.,-135.57,debit,Utilities
2021-08-22,Wear force able similar.,-83.6,debit,Salary
2021-08-23,Play recently sure somebody.,-1772.72,debit,Entertainment
2021-08-24,Why station manager.,-1035.61,debit,Travel
2021-08-25,Front official not.,-514.09,debit,Salary
2021-08-27,Thus several animal phone.,-579.36,debit,Entertainment
2021-08-29,Buy tax.,-1732.94,debit,Food & Drink
2021-09-05,A when dark read.,-1600.69,debit,Rent
2021-09-06,City usually ever.,-1489.18,debit,Shopping
2021-09-09,Bar professor power.,-684.68,debit,Shopping
2021-09-09,Personal rise sense investment.,3509.0,credit,Other
2021-09-09,Ability live.,-1604.28,debit,Travel
2021-09-10,Difficult quite act receive stage.,-866.91,debit,Rent
2021-09-11,Local director become.,-1095.49,debit,Utilities
2021-09-11,Finish thing.,-662.56,debit,Rent
2021-09-11,Similar send card year.,-1209.22,debit,Salary
2021-09-11,Most across.,-709.58,debit,Salary
2021-09-15,Goal defense security turn.,4063.0,credit,Other
2021-09-16,White fire cause everybody.,-1031.04,debit,Health & Fitness
2021-09-16,Beautiful beyond sell.,-159.33,debit,Food & Drink
2021-09-17,Network outside parent.,-1906.05,debit,Utilities
2021-09-17,Day parent country.,785.0,credit,Other
2021-09-19,Position six soldier.,3500.0,credit,Investment
2021-09-19,History drop point audience.,-1214.14,debit,Food & Drink
2021-09-19,Value car team nothing.,-750.31,debit,Health & Fitness
2021-09-19,Raise several west side admit.,-1063.63,debit,Utilities
2021-09-20,Energy always.,-506.73,debit,Travel
2021-09-21,Media pick may indeed.,4588.0,credit,Investment
2021-09-28,Policy mrs.,-530.94,debit,Rent
2021-10-01,Base bad tv.,-437.0,debit,Salary
2021-10-07,Force only shake power poor.,-408.35,debit,Salary
2021-10-08,Role suffer around beat.,4203.0,credit,Investment
2021-10-13,Law participant.,1219.0,credit,Other
2021-10-13,Budget remain reduce.,-1339.0,debit,Health & Fitness
2021-10-13,Well mission situation result.,-1783.75,debit,Travel
2021-10-16,Camera sit environmental though.,-1589.46,debit,Utilities
2021-10-20,Southern evening ask republican.,-1970.41,debit,Rent
2021-10-21,Baby lawyer growth matter note.,-1582.84,debit,Entertainment
2021-10-22,Effort bill off.,4328.0,credit,Other
2021-10-24,Scientist able teach.,-1227.78,debit,Utilities
2021-10-24,Animal hair turn.,3761.0,credit,Other
2021-10-27,Need trial.,-1056.13,debit,Salary
2021-10-27,Focus indicate result.,-259.4,debit,Rent
2021-10-30,Number budget.,-905.45,debit,Rent
2021-11-03,Development middle animal.,-265.39,debit,Health & Fitness
2021-11-04,Theory tend.,-1537.89,debit,Utilities
2021-11-05,Beat lead hard factor.,1517.0,credit,Investment
2021-11-05,Drug happy will young simply.,-337.67,debit,Travel
2021-11-06,Character usually agency.,-698.59,debit,Entertainment
2021-11-07,Player really act friend.,-1693.41,debit,Travel
2021-11-10,Billion morning draw.,-259.09,debit,Travel
2021-11-15,Win central.,-1010.12,debit,Rent
2021-11-16,Analysis discuss.,1902.0,credit,Investment
2021-11-17,Red head window be.,-1686.63,debit,Health & Fitness
2021-11-18,Door end fire.,-1305.75,debit,Travel
2021-11-18,Card star avoid nothing.,-171.63,debit,Food & Drink
2021-11-19,Fish evening avoid dark.,-1240.04,debit,Shopping
2021-11-21,Choice clearly.,2974.0,credit,Other
2021-11-21,Image movie who debate.,-601.89,debit,Shopping
2021-11-21,Enter build citizen rather.,1794.0,credit,Investment
2021-11-23,Structure foreign before.,-934.24,debit,Salary
2021-11-26,How any federal star.,-632.04,debit,Utilities
2021-11-27,Weight take.,-1950.99,debit,Health & Fitness
2021-11-28,Economic left sound cause activity.,4718.0,credit,Other
2021-12-01,Cup hundred rather.,-491.06,debit,Health & Fitness
2021-12-02,Only true avoid young cup.,2530.0,credit,Other
2021-12-03,Walk anything.,-504.06,debit,Shopping
2021-12-03,Begin suggest speak.,2877.0,credit,Investment
2021-12-08,Start house ahead raise.,-1628.82,debit,Utilities
2021-12-09,Democrat cost evidence third.,-387.77,debit,Health & Fitness
2021-12-09,People early far include nearly.,4585.0,credit,Other
2021-12-11,Evidence case.,-56.12,debit,Salary
2021-12-12,Eat yes myself affect him.,-1933.71,debit,Salary
2021-12-13,Name machine tree maybe.,-106.83,debit,Health & Fitness
2021-12-13,Conference five despite.,-578.64,debit,Salary
2021-12-15,Speak line.,4030.0,credit,Investment
2021-12-15,Yourself wind beyond prevent entire.,3496.0,credit,Other
2021-12-16,Offer work home.,-100.03,debit,Health & Fitness
2021-12-19,Door fish scene.,3469.0,credit,Investment
2021-12-20,Agreement red way nor none.,-778.83,debit,Rent
2021-12-20,My compare also argue.,-1652.37,debit,Travel
2021-12-23,Money a.,-266.04,debit,Rent
2021-12-24,Future concern sort.,3277.0,credit,Other
2021-12-26,Against only.,-1512.38,debit,Health & Fitness
2021-12-28,Suffer team.,4596.0,credit,Other
2021-12-31,Relate product only from.,1622.0,credit,Investment
2022-01-01,Wish run join.,-1043.47,debit,Salary
2022-01-03,Program sport her.,-333.38,debit,Health & Fitness
2022-01-03,Concern ability reduce.,-1191.51,debit,Travel
2022-01-03,Company why really up.,3186.0,credit,Investment
2022-01-04,Surface side nothing consider.,-1420.39,debit,Salary
2022-01-05,Determine not view cell seat.,-743.03,debit,Food & Drink
2022-01-06,Word collection those become.,-1171.57,debit,Shopping
2022-01-08,Activity decide really go.,-1197.85,debit,Food & Drink
2022-01-09,Answer just.,-1445.59,debit,Entertainment
2022-01-13,This manage her.,-1053.22,debit,Utilities
2022-01-13,Big look tell prepare.,-304.07,debit,Shopping
2022-01-14,Later son almost.,-1149.41,debit,Food & Drink
2022-01-16,Natural together.,-831.79,debit,Utilities
2022-01-16,End bit game thousand.,-47.69,debit,Entertainment
2022-01-18,Threat church big day couple.,-1414.49,debit,Food & Drink
2022-01-18,Order party lot all.,-1746.91,debit,Salary
2022-01-21,Enter example down anyone occur.,-1996.26,debit,Health & Fitness
2022-01-21,Approach about because.,-634.37,debit,Shopping
2022-01-22,Best deal point.,4975.0,credit,Other
2022-01-23,Such final however major.,-1224.05,debit,Travel
2022-01-24,Politics hold.,2785.0,credit,Investment
2022-01-28,Hard knowledge enjoy let.,-1883.56,debit,Entertainment
2022-02-01,Nor character recent.,-1412.75,debit,Travel
2022-02-02,Property space.,-640.91,debit,Salary
2022-02-05,Dinner article hit mission whole.,-582.7,debit,Travel
2022-02-05,Think live bad total research.,-1792.56,debit,Shopping
2022-02-06,Too song quality per build.,-1909.67,debit,Health & Fitness
2022-02-08,We cold deep.,-93.71,debit,Travel
2022-02-08,Amount bad raise.,-699.26,debit,Rent
2022-02-09,Challenge organization floor road southern.,-1497.2,debit,Travel
2022-02-10,News need task mind.,-1866.72,debit,Travel
2022-02-10,Onto site both change note.,-227.36,debit,Utilities
2022-02-10,Understand none.,-492.49,debit,Entertainment
2022-02-10,Test they there.,-1279.51,debit,Entertainment
2022-02-11,Pressure occur list common.,3205.0,credit,Other
2022-02-14,Peace race i.,-1365.57,debit,Rent
2022-02-17,Feel season similar.,-1816.79,debit,Food & Drink
2022-02-17,Successful teach range.,3131.0,credit,Other
2022-02-17,Full soldier.,-960.12,debit,Salary
2022-02-17,Real any little environmental.,3833.0,credit,Investment
2022-02-18,Rock painting become.,4883.0,credit,Investment
2022-02-21,Tree imagine machine.,-1827.33,debit,Food & Drink
2022-02-22,Start middle city find.,797.0,credit,Investment
2022-02-22,Career surface these ahead.,-1578.04,debit,Shopping
2022-02-25,Student economic lead.,806.0,credit,Other
2022-02-27,Ever statement measure.,3244.0,credit,Investment
2022-03-01,Drop major.,-1779.63,debit,Salary
2022-03-02,Whether listen necessary.,2735.0,credit,Other
2022-03-04,Study else store.,3208.0,credit,Investment
2022-03-05,Agree anyone take.,2607.0,credit,Other
2022-03-07,Positive question especially.,-1475.87,debit,Food & Drink
2022-03-07,After sister should across treatment.,-359.23,debit,Entertainment
2022-03-12,Song difference part wall require.,-1655.71,debit,Shopping
2022-03-14,Time surface learn design.,-807.66,debit,Rent
2022-03-17,Station however bill memory production.,4411.0,credit,Investment
2022-03-17,Positive participant fear blue as.,-23.59,debit,Entertainment
2022-03-18,Technology end represent throughout.,-1509.98,debit,Salary
2022-03-18,Change she tonight.,-1169.1,debit,Travel
2022-03-18,Race return pretty young.,-1310.83,debit,Travel
2022-03-20,Identify say on yes.,-1338.89,debit,Food & Drink
2022-03-20,Risk develop movement size.,-816.78,debit,Utilities
2022-03-22,Feel color price next.,-1383.68,debit,Travel
2022-03-23,Likely scientist.,-741.41,debit,Travel
2022-03-23,Water tonight pressure.,-961.58,debit,Utilities
2022-03-24,Development the inside thought.,-837.53,debit,Health & Fitness
2022-03-25,One less brother.,-1517.13,debit,Salary
2022-03-26,Oil per line create build.,-1526.1,debit,Entertainment
2022-03-27,Fear approach take case customer.,-1055.76,debit,Rent
2022-03-28,Throughout would century television congress.,-165.42,debit,Health & Fitness
2022-03-28,Forward would finish around.,-1659.26,debit,Food & Drink
2022-03-28,Decide similar office.,-1149.68,debit,Entertainment
2022-03-28,Size sister can its.,4762.0,credit,Other
2022-03-29,Throughout series.,-1619.3,debit,Salary
2022-03-29,Investment local above move.,-1436.67,debit,Entertainment
2022-03-31,Adult above safe.,-919.03,debit,Shopping
2022-03-31,Fine bill me fill.,3024.0,credit,Other
2022-03-31,Fear fact.,-516.37,debit,Shopping
2022-04-01,Model its rather card you.,1098.0,credit,Investment
2022-04-01,Seek close trade speech.,1022.0,credit,Other
2022-04-01,Difference world deep.,-1869.82,debit,Food & Drink
2022-04-01,Mean but represent society heart.,759.0,credit,Other
2022-04-02,Perhaps order answer blue structure.,-1540.25,debit,Utilities
2022-04-02,Indicate herself.,-755.18,debit,Shopping
2022-04-03,Listen check receive.,-1740.54,debit,Salary
2022-04-03,Inside big minute.,-169.7,debit,Shopping
2022-04-04,Store bit responsibility brother.,-1310.53,debit,Utilities
2022-04-05,Marriage participant.,-1985.77,debit,Utilities
2022-04-08,Win group important civil nature.,-1458.44,debit,Utilities
2022-04-09,Former able public trade.,-1514.8,debit,Food & Drink
2022-04-09,Chance bed memory rich.,-1350.26,debit,Salary
2022-04-10,Popular lead with.,-1648.49,debit,Shopping
2022-04-10,Anyone spend them system.,-318.69,debit,Health & Fitness
2022-04-16,International break surface three.,763.0,credit,Investment
2022-04-18,Professional color group.,-1233.7,debit,Shopping
2022-04-18,Environmental run head garden box.,-488.93,debit,Food & Drink
2022-04-21,Even history surface son.,4157.0,credit,Investment
2022-04-22,Indeed opportunity.,2419.0,credit,Other
2022-04-22,Car risk.,-497.02,debit,Food & Drink
2022-04-24,Consider here grow agreement.,-288.87,debit,Food & Drink
2022-04-24,Turn both in animal.,-1633.41,debit,Entertainment
2022-04-29,Actually than modern season.,-1159.17,debit,Health & Fitness
2022-04-30,Within prove full.,-481.44,debit,Health & Fitness
2022-05-02,Believe product eat generation put.,-832.98,debit,Entertainment
2022-05-02,Stuff next write.,-1255.73,debit,Utilities
2022-05-03,Poor church.,-103.3,debit,Salary
2022-05-05,Thank avoid man drive.,-1573.75,debit,Shopping
2022-05-05,Medical nearly.,-822.44,debit,Shopping
2022-05-06,Stage bad know of.,-1511.29,debit,Utilities
2022-05-07,None pressure lay future stay.,-1119.0,debit,Shopping
2022-05-07,Include news a before.,-1830.33,debit,Salary
2022-05-07,Language budget market president.,-608.47,debit,Entertainment
2022-05-08,Forward should outside respond.,2588.0,credit,Investment
2022-05-08,Box service develop game.,-1845.23,debit,Rent
2022-05-09,Miss reduce animal clearly cell.,-1075.91,debit,Rent
2022-05-09,Effect cultural.,-544.24,debit,Food & Drink
2022-05-11,Democratic station course full.,-1748.5,debit,Food & Drink
2022-05-13,Unit study.,4427.0,credit,Investment
2022-05-13,Leader operation mean white.,-613.34,debit,Health & Fitness
2022-05-14,Save network item one under.,-1874.95,debit,Entertainment
2022-05-19,Community spring billion price paper.,-1496.29,debit,Rent
2022-05-19,Thing industry participant realize.,-1394.3,debit,Entertainment
2022-05-20,Include record security.,-767.52,debit,Travel
2022-05-20,Huge garden family.,-1831.1,debit,Shopping
2022-05-22,Team republican very plan cut.,-623.76,debit,Health & Fitness
2022-05-23,Tv car report window.,-937.35,debit,Salary
2022-05-24,My pm report set.,-1525.64,debit,Salary
2022-05-24,Old wall report purpose.,-747.7,debit,Entertainment
2022-05-25,There institution actually.,-1485.09,debit,Entertainment
2022-05-27,Herself apply.,2918.0,credit,Other
2022-05-28,Environment size worker.,2384.0,credit,Other
2022-05-29,Style real far.,-1003.61,debit,Entertainment
2022-05-29,Grow laugh.,-522.08,debit,Health & Fitness
2022-05-30,Unit hold.,-346.84,debit,Health & Fitness
2022-05-30,Score night down.,-927.05,debit,Salary
2022-05-31,Approach season data than team.,-376.26,debit,Salary
2022-06-01,Treatment relate positive.,-1052.65,debit,Food & Drink
2022-06-01,Cultural right cover large work.,-1890.92,debit,Rent
2022-06-04,While same budget.,-830.66,debit,Food & Drink
2022-06-04,Evidence enough claim suffer.,-145.26,debit,Entertainment
2022-06-06,Letter visit always up.,4642.0,credit,Investment
2022-06-07,Past product make of group.,-1239.49,debit,Food & Drink
2022-06-07,Detail contain attention measure indeed.,-1321.98,debit,Salary
2022-06-11,Begin determine degree forward.,597.0,credit,Other
2022-06-11,Despite sell most.,4888.0,credit,Other
2022-06-12,Either rich agency might.,-1836.92,debit,Rent
2022-06-12,Boy generation.,-1009.41,debit,Food & Drink
2022-06-12,Truth during always those high.,-1614.27,debit,Shopping
2022-06-13,Sort knowledge analysis together court.,-391.94,debit,Entertainment
2022-06-17,Way cold.,-541.98,debit,Health & Fitness
2022-06-17,Account assume prove similar ten.,-1919.0,debit,Health & Fitness
2022-06-18,Day stock.,-1980.56,debit,Entertainment
2022-06-19,Section child.,-1310.93,debit,Rent
2022-06-20,Also available concern edge.,-196.07,debit,Food & Drink
2022-06-21,Start treat imagine later identify.,-121.67,debit,Salary
2022-06-21,Hope brother.,1177.0,credit,Investment
2022-06-23,Face rate.,-1790.63,debit,Rent
2022-06-23,As second animal summer group.,-1293.37,debit,Shopping
2022-06-25,She join house.,-430.72,debit,Entertainment
2022-06-25,Choose detail section someone.,-549.48,debit,Salary
2022-06-26,Whether century quality.,-1799.63,debit,Travel
2022-06-26,Network never.,-366.92,debit,Food & Drink
2022-06-30,Above others.,-1923.32,debit,Food & Drink
2022-07-01,Water fight security tough gas.,-1858.46,debit,Shopping
2022-07-02,Central contain pattern education boy.,-1137.72,debit,Entertainment
2022-07-04,Maintain former campaign pretty beyond.,-204.39,debit,Food & Drink
2022-07-04,Surface usually.,-773.85,debit,Health & Fitness
2022-07-04,Popular available public economy.,-1006.58,debit,Rent
2022-07-05,Fish late pattern.,-687.78,debit,Rent
2022-07-06,Charge note space when collection.,-1938.15,debit,Shopping
2022-07-13,Size republican political.,-1569.26,debit,Travel
2022-07-17,Care run there leg.,-718.06,debit,Entertainment
2022-07-17,Main board population.,-379.62,debit,Shopping
2022-07-17,Teach cause mrs.,-180.53,debit,Shopping
2022-07-18,Baby away affect medical all.,-1429.09,debit,Entertainment
2022-07-18,If operation trade necessary myself.,3612.0,credit,Investment
2022-07-19,President chance hotel through.,-1481.91,debit,Utilities
2022-07-20,Let member however.,-192.13,debit,Rent
2022-07-22,Production summer.,-726.24,debit,Salary
2022-07-25,Cell city not not the.,-183.72,debit,Utilities
2022-07-27,Plant event score official now.,-1452.44,debit,Rent
2022-07-27,Truth thing always possible.,-590.78,debit,Food & Drink
2022-07-27,Voice american seven discussion.,-215.55,debit,Shopping
2022-07-27,Doctor protect military social.,3157.0,credit,Investment
2022-07-28,Half president structure might.,-1148.2,debit,Entertainment
2022-07-28,Might good test.,1888.0,credit,Other
2022-07-29,Thought according think key.,2698.0,credit,Other
2022-07-30,Method exactly.,-342.74,debit,Rent
2022-07-31,Church own stage.,-973.62,debit,Travel
2022-08-02,Specific result loss long.,2520.0,credit,Other
2022-08-02,Claim street against amount of.,-1191.67,debit,Salary
2022-08-03,Picture always occur.,1609.0,credit,Investment
2022-08-04,Election conference when.,-671.11,debit,Shopping
2022-08-06,These road.,-886.04,debit,Health & Fitness
2022-08-07,Describe paper.,-607.87,debit,Utilities
2022-08-12,Color store over some.,-963.23,debit,Entertainment
2022-08-13,Process enough right garden law.,3114.0,credit,Other
2022-08-15,Her car admit.,-1935.85,debit,Salary
2022-08-15,Range step painting concern.,-758.35,debit,Health & Fitness
2022-08-16,Me brother lot candidate owner.,-736.38,debit,Shopping
2022-08-16,Miss have analysis morning.,-1188.53,debit,Entertainment
2022-08-17,Smile high open scientist.,-1906.48,debit,Food & Drink
2022-08-18,International effort.,-882.53,debit,Entertainment
2022-08-19,Exist theory.,-1639.74,debit,Rent
2022-08-21,Country remember smile.,-1349.23,debit,Shopping
2022-08-21,Brother according pressure reach firm.,2482.0,credit,Other
2022-08-22,Talk interest hand.,-903.64,debit,Rent
2022-08-22,Choice prepare.,-1433.32,debit,Utilities
2022-08-23,Sense including six lot.,-1073.39,debit,Shopping
2022-08-24,Never effect fill general relationship.,-1091.85,debit,Shopping
2022-08-26,Security land record.,-1406.25,debit,Health & Fitness
2022-08-26,Democrat hundred.,-227.65,debit,Rent
2022-08-28,Pass range appear home player.,-341.01,debit,Health & Fitness
2022-08-29,Likely outside because.,-1933.95,debit,Shopping
2022-08-30,He participant right.,-220.83,debit,Shopping
2022-08-31,Prevent expert white arm similar.,4683.0,credit,Investment
2022-08-31,Keep cut prevent sound.,-897.1,debit,Entertainment
2022-09-01,Almost outside middle.,-696.49,debit,Utilities
2022-09-02,College already dream a church.,2920.0,credit,Investment
2022-09-03,Good house only military.,-240.98,debit,Rent
2022-09-03,Near risk.,-703.17,debit,Utilities
2022-09-03,Give white everybody paper create.,-1047.02,debit,Entertainment
2022-09-04,Above company media next me.,-881.95,debit,Rent
2022-09-04,Sort what.,-143.68,debit,Health & Fitness
2022-09-05,Economic kind help low during.,685.0,credit,Investment
2022-09-06,Race to television loss.,-1357.51,debit,Rent
2022-09-07,Him small.,4727.0,credit,Investment
2022-09-08,Son include good.,3211.0,credit,Investment
2022-09-10,Red enjoy.,-471.39,debit,Salary
2022-09-11,Never condition.,-68.09,debit,Shopping
2022-09-11,Human see.,-380.91,debit,Utilities
2022-09-12,Despite off consumer second.,-904.65,debit,Entertainment
2022-09-14,Say dog drug enter.,-1412.42,debit,Food & Drink
2022-09-15,Strong student green.,-1158.92,debit,Rent
2022-09-15,Turn put professional.,-737.93,debit,Utilities
2022-09-17,When summer he firm together.,2649.0,credit,Investment
2022-09-18,Make worker trouble.,-1060.15,debit,Salary
2022-09-19,Develop office approach son.,-1226.5,debit,Shopping
2022-09-19,Allow girl team simply lead.,-710.45,debit,Health & Fitness
2022-09-21,Least ready activity decision ok.,-1629.34,debit,Utilities
2022-09-23,Party employee nature down.,-1838.18,debit,Travel
2022-09-26,Evidence conference capital office.,-374.26,debit,Rent
2022-09-26,Gas contain interest industry sell.,-633.24,debit,Utilities
2022-09-28,Result sound.,-842.3,debit,Shopping
2022-09-29,Task cultural son school.,3965.0,credit,Other
2022-09-29,Computer matter.,1866.0,credit,Investment
2022-09-30,Result size feel no nothing.,-382.33,debit,Utilities
2022-10-01,Real art.,-1732.39,debit,Food & Drink
2022-10-02,Stuff benefit seat employee.,-281.7,debit,Salary
2022-10-03,Newspaper special general in go.,-824.18,debit,Salary
2022-10-04,Office power company sister great.,-982.51,debit,Salary
2022-10-04,Simple land bad party.,2306.0,credit,Investment
2022-10-05,What than political up instead.,-457.44,debit,Travel
2022-10-08,Support author class direction.,-1135.64,debit,Salary
2022-10-10,Report painting house.,-1103.96,debit,Salary
2022-10-12,Security minute late cold.,2694.0,credit,Investment
2022-10-12,Road product wait.,-1088.67,debit,Health & Fitness
2022-10-13,Cold billion as.,-1097.24,debit,Salary
2022-10-19,Approach side model you billion.,-1474.62,debit,Rent
2022-10-19,Pressure those.,-602.44,debit,Entertainment
2022-10-20,Easy exist phone.,-533.0,debit,Salary
2022-10-21,Stuff agreement professional team foot.,-883.75,debit,Rent
2022-10-22,Window music evening know.,-427.66,debit,Entertainment
2022-10-23,Opportunity lead see.,-1723.49,debit,Health & Fitness
2022-10-25,Model police finally girl.,-340.3,debit,Shopping
2022-10-28,Source kind hand.,2195.0,credit,Investment
2022-10-30,Field a spring.,-1069.24,debit,Health & Fitness
2022-10-31,Expert movement reach man.,-654.07,debit,Utilities
2022-11-03,Across involve fall.,-1149.74,debit,Travel
2022-11-04,Nature country.,-279.82,debit,Rent
2022-11-05,House clear say hope.,-1838.35,debit,Shopping
2022-11-07,Enjoy instead dream.,-1405.84,debit,Utilities
2022-11-07,Possible mother especially.,3138.0,credit,Investment
2022-11-09,Consumer face.,-984.02,debit,Shopping
2022-11-10,Laugh red man fly charge.,-1259.35,debit,Travel
2022-11-13,Control bill.,-1270.92,debit,Rent
2022-11-14,Management game.,-914.84,debit,Health & Fitness
2022-11-14,Resource road do.,-811.67,debit,Rent
2022-11-15,Your less social form.,-1739.13,debit,Food & Drink
2022-11-17,Entire hotel.,-1464.55,debit,Rent
2022-11-17,Consider time economic high.,-1701.71,debit,Health & Fitness
2022-11-18,Window research his.,-443.48,debit,Shopping
2022-11-19,Scene almost leave.,-994.48,debit,Entertainment
2022-11-21,Program decade home which view.,-682.13,debit,Travel
2022-11-22,Rock seat near business loss.,-1578.72,debit,Salary
2022-11-26,Growth appear project.,-101.43,debit,Food & Drink
2022-11-26,Plan foot cold.,-42.4,debit,Salary
2022-11-28,Choice side eat matter rather.,2157.0,credit,Other
2022-11-28,Build smile across among situation.,-888.16,debit,Utilities
2022-12-01,Art green child movie blue.,-1765.47,debit,Utilities
2022-12-03,First next popular.,-195.75,debit,Travel
2022-12-04,Run again help right.,-749.97,debit,Rent
2022-12-05,Magazine join.,-113.06,debit,Utilities
2022-12-05,Recent couple cost girl run.,-864.17,debit,Entertainment
2022-12-07,Trial never attention choice fast.,508.0,credit,Investment
2022-12-12,Happen a point here control.,-274.07,debit,Rent
2022-12-13,Task simply draw return probably.,-28.48,debit,Salary
2022-12-15,Couple raise she child.,-1976.43,debit,Rent
2022-12-16,Important focus benefit probably.,-960.62,debit,Utilities
2022-12-18,Condition all blood.,-1464.22,debit,Rent
2022-12-22,All politics.,3511.0,credit,Other
2022-12-28,Moment red eight hand.,-771.61,debit,Utilities
2022-12-30,Us decade.,-1286.74,debit,Utilities
2022-12-31,Life police.,-1065.71,debit,Rent
2023-01-03,Sea three state some around.,4105.0,credit,Investment
2023-01-04,American audience fight war whether.,-1259.88,debit,Entertainment
2023-01-04,Rise mother.,4124.0,credit,Other
2023-01-06,Moment eat personal.,-1794.22,debit,Rent
2023-01-09,See indeed black police group.,3645.0,credit,Investment
2023-01-10,Third coach congress husband.,-635.86,debit,Shopping
2023-01-11,Move outside value.,1190.0,credit,Other
2023-01-13,Yard foot he share issue.,-1560.15,debit,Travel
2023-01-15,Drive nation heart nearly season.,-418.84,debit,Travel
2023-01-16,Language however risk work.,-1498.21,debit,Entertainment
2023-01-17,Career three according worker democrat.,-1569.77,debit,Food & Drink
2023-01-18,Sign wall.,-994.83,debit,Entertainment
2023-01-19,Memory number occur behind leave.,1081.0,credit,Other
2023-01-19,Enter threat economic.,-1973.9,debit,Food & Drink
2023-01-19,Begin hundred truth.,-779.81,debit,Utilities
2023-01-19,Society common stay ready.,-737.17,debit,Shopping
2023-01-19,Organization feel.,-1909.36,debit,Salary
2023-01-20,Bad argue side girl.,-1178.85,debit,Food & Drink
2023-01-21,Him fight american music change.,-1018.16,debit,Shopping
2023-01-21,Us building side section.,826.0,credit,Investment
2023-01-22,Check purpose young.,-852.91,debit,Shopping
2023-01-23,Offer bed it skill challenge.,-562.16,debit,Utilities
2023-01-23,Live seat.,-1948.88,debit,Entertainment
2023-01-23,Energy huge its recently.,3700.0,credit,Other
2023-01-24,Current health serious.,-336.03,debit,Food & Drink
2023-01-24,Nice maintain present cultural.,-627.24,debit,Rent
2023-01-24,Drug entire involve.,-125.23,debit,Entertainment
2023-01-24,Both including.,1450.0,credit,Other
2023-01-24,Couple general pretty show.,-625.49,debit,Food & Drink
2023-01-24,Pattern wrong kind certainly.,-247.69,debit,Utilities
2023-01-25,Science drug.,-342.26,debit,Travel
2023-01-26,Add really born.,1467.0,credit,Other
2023-01-27,Age decade mrs data.,-676.67,debit,Food & Drink
2023-01-27,Nature performance yeah.,-533.27,debit,Rent
2023-01-28,On professional analysis color.,-997.33,debit,Rent
2023-01-29,Smile peace apply.,-1004.22,debit,Food & Drink
2023-01-29,Home even.,-323.05,debit,Health & Fitness
2023-01-30,Affect test.,-464.52,debit,Rent
2023-01-31,Woman meet report.,-1718.79,debit,Food & Drink
2023-01-31,Term mother cost may.,4364.0,credit,Investment
2023-02-01,Unit again easy morning four.,-366.13,debit,Utilities
2023-02-02,Adult range green.,-1110.2,debit,Food & Drink
2023-02-03,You without every.,-456.79,debit,Shopping
2023-02-06,Election hit yourself wrong want.,-549.8,debit,Health & Fitness
2023-02-07,Charge today prevent.,1478.0,credit,Other
2023-02-07,Minute question their rather.,-366.9,debit,Food & Drink
2023-02-08,Of interview fine.,-1908.62,debit,Food & Drink
2023-02-08,My deal catch must.,2812.0,credit,Other
2023-02-09,Finally relate model.,-661.33,debit,Travel
2023-02-12,Yet wish certain usually.,-744.15,debit,Food & Drink
2023-02-13,Attack mouth rest contain.,-1481.76,debit,Travel
2023-02-15,She they.,-1187.46,debit,Health & Fitness
2023-02-16,Field seat start pm.,-1467.6,debit,Entertainment
2023-02-18,Single blood continue.,-309.63,debit,Entertainment
2023-02-20,Note discuss discussion reach grow.,-473.67,debit,Food & Drink
2023-02-20,Maybe painting republican.,-1902.47,debit,Food & Drink
2023-02-22,System man case.,3019.0,credit,Other
2023-02-22,Allow share address.,3939.0,credit,Investment
2023-02-24,Development provide dark daughter.,-1945.39,debit,Food & Drink
2023-02-26,Term majority foot leader.,1262.0,credit,Other
2023-02-26,If among save herself.,4757.0,credit,Investment
2023-02-26,Particularly score order modern.,-922.33,debit,Health & Fitness
2023-02-28,Body lead there there early.,-1015.8,debit,Rent
2023-03-03,Fact huge fight.,-1328.26,debit,Shopping
2023-03-03,Worker always hold share.,-158.91,debit,Shopping
2023-03-05,Career including late condition opportunity.,-910.99,debit,Health & Fitness
2023-03-05,Coach family try ready.,2638.0,credit,Other
2023-03-05,Stop later reveal both.,-1404.44,debit,Shopping
2023-03-07,Bed food possible represent.,-280.86,debit,Entertainment
2023-03-08,Before relationship plant.,-319.27,debit,Rent
2023-03-08,Religious risk window partner civil.,3072.0,credit,Other
2023-03-08,Analysis color friend the.,-1929.62,debit,Health & Fitness
2023-03-08,Than condition republican.,-932.06,debit,Travel
2023-03-10,Finally shoulder land.,-323.65,debit,Rent
2023-03-10,Together whether about.,-437.89,debit,Food & Drink
2023-03-12,Learn talk.,-191.51,debit,Utilities
2023-03-13,People newspaper stay.,-71.85,debit,Utilities
2023-03-13,Process law kind over according.,2631.0,credit,Other
2023-03-13,Part management.,-798.53,debit,Health & Fitness
2023-03-15,Challenge president already.,-1116.35,debit,Salary
2023-03-15,Study fear turn any indicate.,-929.47,debit,Rent
2023-03-16,Public particularly reality.,-251.69,debit,Utilities
2023-03-16,Concern lay often use behavior.,1570.0,credit,Investment
2023-03-18,Happy her attack interview.,3549.0,credit,Other
2023-03-18,Fall care.,-1168.82,debit,Rent
2023-03-21,Money modern receive partner.,-53.38,debit,Rent
2023-03-22,Role pick would low read.,1555.0,credit,Other
2023-03-23,Pass market role.,914.0,credit,Other
2023-03-23,Space this discussion fact.,3735.0,credit,Other
2023-03-23,Participant first moment yet.,1503.0,credit,Other
2023-03-24,Brother let.,-1369.59,debit,Shopping
2023-03-27,Son yourself increase.,2033.0,credit,Investment
2023-03-29,Night point action cut.,-1768.01,debit,Salary
2023-03-30,So film media.,2917.0,credit,Investment
2023-03-31,Box four.,-131.35,debit,Salary
2023-03-31,Pattern ahead compare form full.,-844.28,debit,Utilities
2023-04-01,Something population loss physical.,-1265.2,debit,Entertainment
2023-04-01,Leg sport until argue.,-1978.91,debit,Food & Drink
2023-04-04,North question new.,-964.57,debit,Health & Fitness
2023-04-07,Officer forward trouble.,-1826.23,debit,Health & Fitness
2023-04-08,Wide exactly.,-548.17,debit,Shopping
2023-04-09,Worker phone success number.,740.0,credit,Investment
2023-04-10,Organization ten seem.,-126.6,debit,Travel
2023-04-10,Even beautiful.,-1536.02,debit,Health & Fitness
2023-04-13,Later week democratic few.,-209.27,debit,Utilities
2023-04-15,Size sing tree kitchen.,-1072.04,debit,Travel
2023-04-16,Toward child future low.,-1530.46,debit,Food & Drink
2023-04-20,Simply century the.,-716.06,debit,Shopping
2023-04-20,Day already hold.,-360.44,debit,Utilities
2023-04-21,About usually.,-1828.82,debit,Health & Fitness
2023-04-22,Level animal minute probably.,1664.0,credit,Other
2023-04-22,Officer fine.,-1675.03,debit,Entertainment
2023-04-23,Customer expert mother significant.,-1088.83,debit,Salary
2023-04-24,Chance event address.,1239.0,credit,Investment
2023-04-25,Bill my near even wall.,663.0,credit,Investment
2023-05-02,Each author party full kitchen.,-670.15,debit,Food & Drink
2023-05-02,Likely push.,-688.11,debit,Utilities
2023-05-03,Approach interview condition other.,987.0,credit,Other
2023-05-05,Green forward cup serve speak.,1408.0,credit,Investment
2023-05-05,Nothing behavior sort recognize.,-1921.51,debit,Health & Fitness
2023-05-05,Financial popular short like.,-1176.17,debit,Shopping
2023-05-07,Technology pay tree.,-281.54,debit,Health & Fitness
2023-05-12,Record professor small.,4491.0,credit,Other
2023-05-14,Maintain assume both long.,-1417.29,debit,Utilities
2023-05-14,Should page camera.,-454.24,debit,Health & Fitness
2023-05-14,Stage someone for power.,-762.98,debit,Utilities
2023-05-15,Leave opportunity draw during city.,-263.42,debit,Travel
2023-05-15,At decade really issue.,-1703.01,debit,Shopping
2023-05-16,Skin name door production back.,-372.34,debit,Food & Drink
2023-05-17,Boy other foot best.,-1282.9,debit,Entertainment
2023-05-18,Final image our.,1652.0,credit,Other
2023-05-19,Management produce bed stage.,-483.61,debit,Rent
2023-05-20,Factor past language day theory.,-898.79,debit,Health & Fitness
2023-05-20,Some quickly truth view response.,-1389.42,debit,Entertainment
2023-05-20,Serious produce.,-1276.01,debit,Utilities
2023-05-22,Old particularly.,-1443.62,debit,Rent
2023-05-22,Summer system artist too.,3937.0,credit,Other
2023-05-22,Reflect star.,-991.23,debit,Shopping
2023-05-25,Technology tend.,-211.84,debit,Shopping
2023-05-28,Reduce hour fish him.,-333.69,debit,Entertainment
2023-05-29,Nation production little could.,2915.0,credit,Investment
2023-05-29,Style child young prove.,1357.0,credit,Other
2023-05-30,Author administration.,3575.0,credit,Investment
2023-06-02,Window career case south.,4981.0,credit,Investment
2023-06-03,Us perhaps lawyer interest star.,-682.52,debit,Rent
2023-06-04,Difficult interesting account marriage.,-1411.96,debit,Salary
2023-06-05,Especially unit office almost.,-1218.56,debit,Utilities
2023-06-08,Low happy oil which bag.,-211.5,debit,Food & Drink
2023-06-08,Let back three.,-824.47,debit,Entertainment
2023-06-09,Line score whether.,-1324.59,debit,Travel
2023-06-09,Something fine apply gas sing.,-108.77,debit,Rent
2023-06-10,Mention light safe inside.,-315.64,debit,Salary
2023-06-10,Cold reason our.,-184.38,debit,Shopping
2023-06-13,Employee picture official of prevent.,-407.35,debit,Salary
2023-06-15,Agree machine camera baby six.,2890.0,credit,Investment
2023-06-16,Past every either.,-1689.1,debit,Salary
2023-06-16,Company option character land space.,-947.18,debit,Shopping
2023-06-17,Machine son television.,-191.36,debit,Travel
2023-06-17,Whose other.,-748.33,debit,Utilities
2023-06-19,Sell include himself produce.,-897.09,debit,Utilities
2023-06-21,Official success approach.,-534.17,debit,Salary
2023-06-22,Apply less.,-310.75,debit,Food & Drink
2023-06-22,Live way two.,-180.56,debit,Rent
2023-06-23,Raise hope enjoy most.,-1941.7,debit,Shopping
2023-06-25,Eye something.,-1683.19,debit,Food & Drink
2023-06-25,Which raise american truth.,-1931.6,debit,Shopping
2023-06-25,Particular present evening establish.,-1149.7,debit,Salary
2023-06-26,Pressure hospital significant.,-167.12,debit,Travel
2023-06-30,Side mind question year finish.,-1009.18,debit,Food & Drink
2023-07-01,Story activity.,-249.36,debit,Utilities
2023-07-02,Billion land detail exist cover.,-1898.63,debit,Utilities
2023-07-05,Begin voice prevent structure wear.,2078.0,credit,Investment
2023-07-05,Beat painting heavy.,1141.0,credit,Other
2023-07-06,To receive education.,-411.82,debit,Shopping
2023-07-07,Police two.,-1669.88,debit,Utilities
2023-07-07,Realize property show either.,-183.18,debit,Rent
2023-07-10,Since him four.,-1714.68,debit,Health & Fitness
2023-07-10,Western enough key.,-1575.24,debit,Food & Drink
2023-07-10,Particular condition man.,-233.91,debit,Shopping
2023-07-10,Shoulder despite poor tree resource.,1365.0,credit,Investment
2023-07-11,Authority number.,-1573.63,debit,Rent
2023-07-13,Affect marriage present a.,-1757.01,debit,Health & Fitness
2023-07-15,Entire record toward off.,-1148.33,debit,Salary
2023-07-15,Long identify road speech.,-558.07,debit,Utilities
2023-07-15,Difficult his ready sister building.,817.0,credit,Other
2023-07-15,Four field area young.,-1384.12,debit,Health & Fitness
2023-07-15,Movement which ball least.,2700.0,credit,Other
2023-07-16,Computer always his.,-682.35,debit,Food & Drink
2023-07-17,Receive to piece.,-567.89,debit,Travel
2023-07-18,Be plan same cause.,-1945.27,debit,Rent
2023-07-19,Rest or.,-1948.7,debit,Travel
2023-07-19,As music film move.,-546.15,debit,Health & Fitness
2023-07-20,Already argue.,-383.99,debit,Rent
2023-07-21,Brother southern project learn.,-1484.48,debit,Shopping
2023-07-23,Scientist do author.,-1643.82,debit,Health & Fitness
2023-07-25,President likely truth animal.,-140.58,debit,Utilities
2023-07-26,Common anyone.,-279.94,debit,Shopping
2023-07-27,Lay color.,-355.74,debit,Food & Drink
2023-07-27,Box organization.,-1675.58,debit,Entertainment
2023-07-30,Source international.,-110.61,debit,Salary
2023-08-01,Building range national focus.,-555.22,debit,Entertainment
2023-08-04,Or friend.,-1274.47,debit,Shopping
2023-08-05,Center indeed recent.,2481.0,credit,Investment
2023-08-07,Partner sing administration main according.,-695.06,debit,Health & Fitness
2023-08-07,Just understand american.,-363.39,debit,Salary
2023-08-09,Religious order.,-1500.43,debit,Travel
2023-08-09,Really society live camera.,-64.63,debit,Travel
2023-08-10,Mission include visit.,2313.0,credit,Investment
2023-08-10,Conference matter wear physical site.,-545.48,debit,Entertainment
2023-08-11,Above dog brother morning.,-1730.61,debit,Food & Drink
2023-08-16,Gun seven music despite show.,-953.45,debit,Food & Drink
2023-08-17,Apply both chance.,569.0,credit,Investment
2023-08-17,Computer prove amount population.,-1428.35,debit,Travel
2023-08-21,Itself free source.,-853.38,debit,Travel
2023-08-22,Bit appear.,-923.41,debit,Health & Fitness
2023-08-23,Citizen ahead method.,-1357.62,debit,Travel
2023-08-25,Return or for.,-1173.13,debit,Shopping
2023-08-27,Discover body direction down.,2815.0,credit,Other
2023-08-30,Heart determine likely.,-968.66,debit,Rent
2023-08-30,Three certain.,-1284.78,debit,Travel
2023-08-30,Hold carry rest.,-1315.68,debit,Travel
2023-08-30,Dark camera realize.,-384.84,debit,Travel
2023-09-01,Carry surface learn.,-1800.38,debit,Entertainment
2023-09-01,Detail far church some.,-1324.46,debit,Shopping
2023-09-03,Wife talk beat tax majority.,-1314.25,debit,Food & Drink
2023-09-04,Individual analysis.,-692.9,debit,Entertainment
2023-09-04,Its develop until watch.,-1170.22,debit,Food & Drink
2023-09-04,List leg address into their.,-1814.75,debit,Travel
2023-09-07,Almost most look something.,-1813.99,debit,Salary
2023-09-10,Manager bar send really.,-1692.38,debit,Travel
2023-09-11,Car fast positive.,-594.63,debit,Utilities
2023-09-11,Look fight.,-1453.12,debit,Travel
2023-09-12,Section agency lawyer sign them.,-1894.38,debit,Utilities
2023-09-12,Smile have less.,-452.28,debit,Rent
2023-09-13,Audience throw four allow international.,-846.74,debit,Travel
2023-09-14,War push thousand book half.,-946.37,debit,Rent
2023-09-14,Hand possible relate night.,-949.72,debit,Rent
2023-09-14,My some skin ball thing.,-528.51,debit,Health & Fitness
2023-09-15,Wonder draw box.,3626.0,credit,Investment
2023-09-15,That reflect send set fly.,-117.58,debit,Shopping
2023-09-16,Quite everyone as generation.,-1984.77,debit,Utilities
2023-09-16,Money but report question.,-295.02,debit,Salary
2023-09-21,Later happy pull.,-1560.09,debit,Utilities
2023-09-21,Throughout leader bag.,-633.69,debit,Utilities
2023-09-23,When baby clearly.,2740.0,credit,Other
2023-09-24,Many themselves minute.,-1156.8,debit,Utilities
2023-09-28,Indicate radio use.,1560.0,credit,Investment
2023-09-29,Information scene again country.,-812.75,debit,Shopping
2023-10-03,Strong mind from.,-19.29,debit,Shopping
2023-10-04,Knowledge fight car smile commercial.,-45.65,debit,Entertainment
2023-10-04,Pretty skin main program.,-1900.64,debit,Health & Fitness
2023-10-05,Machine wife show.,2353.0,credit,Investment
2023-10-06,Good lay coach.,-631.06,debit,Health & Fitness
2023-10-08,Expect win stuff realize project.,1868.0,credit,Other
2023-10-08,Draw american first.,2942.0,credit,Investment
2023-10-08,Employee continue none alone.,-1458.39,debit,Salary
2023-10-09,Challenge large wish move.,-872.99,debit,Health & Fitness
2023-10-09,Identify material.,-692.04,debit,Utilities
2023-10-11,Until choose wife national.,-1502.73,debit,Health & Fitness
2023-10-13,Positive far time wide.,656.0,credit,Other
2023-10-14,Son rock two.,-430.27,debit,Utilities
2023-10-14,Rule too.,1508.0,credit,Investment
2023-10-15,Part crime.,-1191.91,debit,Food & Drink
2023-10-15,Bring agent pay detail group.,-756.63,debit,Food & Drink
2023-10-16,Sit short cultural.,661.0,credit,Investment
2023-10-17,Support quality whatever wish hour.,3914.0,credit,Investment
2023-10-17,Owner memory argue project.,-1099.09,debit,Rent
2023-10-27,Respond into history.,-418.93,debit,Utilities
2023-10-27,General final knowledge.,-609.22,debit,Food & Drink
2023-10-29,Democratic thousand.,-1249.37,debit,Travel
2023-10-30,Eye south wife interest.,-1663.0,debit,Shopping
2023-10-30,Structure our century.,2815.0,credit,Investment
2023-11-04,Write moment friend value.,4577.0,credit,Investment
2023-11-05,According police.,2654.0,credit,Investment
2023-11-08,Fight nice less agree able.,-1379.53,debit,Entertainment
2023-11-08,Company left nothing trip.,-722.26,debit,Entertainment
2023-11-08,Strategy face make.,-88.42,debit,Utilities
2023-11-09,What strong line.,-15.45,debit,Entertainment
2023-11-09,Conference trade population agreement.,-1672.11,debit,Rent
2023-11-11,Yes at seat ok.,-1899.4,debit,Utilities
2023-11-11,Than physical live reason.,-1449.89,debit,Rent
2023-11-13,Mention offer suddenly clear.,2393.0,credit,Other
2023-11-14,Floor there career.,-535.61,debit,Travel
2023-11-14,Evening information.,823.0,credit,Investment
2023-11-15,Face morning.,-1605.18,debit,Health & Fitness
2023-11-17,Create physical share out cold.,-199.05,debit,Rent
2023-11-18,Step rate feeling rate.,-29.25,debit,Food & Drink
2023-11-21,Move goal.,3192.0,credit,Investment
2023-11-21,Carry example.,-1910.63,debit,Salary
2023-11-22,Future treat bill choice.,-751.52,debit,Rent
2023-11-23,Somebody next ready.,-807.55,debit,Rent
2023-11-23,Republican reduce sort individual trouble.,-1673.06,debit,Travel
2023-11-26,Stage threat our.,-234.98,debit,Utilities
2023-11-26,Report agreement sport.,-1963.32,debit,Food & Drink
2023-11-26,Type look find.,-1601.8,debit,Salary
2023-11-26,Task central dinner.,-837.9,debit,Rent
2023-11-27,Affect machine.,-1226.6,debit,Health & Fitness
2023-11-27,Candidate bad real.,-370.71,debit,Salary
2023-11-28,Cultural allow.,-971.33,debit,Utilities
2023-11-28,Arrive budget education at property.,-886.97,debit,Shopping
2023-11-29,Turn day top.,601.0,credit,Other
2023-12-05,Ahead certainly second everyone.,-1956.01,debit,Entertainment
2023-12-05,Goal talk sit party.,-1043.01,debit,Health & Fitness
2023-12-06,Attention standard shake more respond.,-871.37,debit,Rent
2023-12-08,Top mr wind.,-698.04,debit,Salary
2023-12-09,Turn surface listen.,-305.82,debit,Shopping
2023-12-09,Pull blue strong wonder.,-33.17,debit,Food & Drink
2023-12-10,Method imagine seven.,-1705.22,debit,Salary
2023-12-11,Letter mind many.,-1505.35,debit,Rent
2023-12-13,News american foreign.,-1940.59,debit,Health & Fitness
2023-12-14,Exist outside find wish.,3601.0,credit,Investment
2023-12-14,Network fact talk.,-166.87,debit,Entertainment
2023-12-18,Thus sort.,-185.16,debit,Salary
2023-12-20,Actually purpose public.,-246.23,debit,Health & Fitness
2023-12-21,Mission put budget house.,-214.26,debit,Food & Drink
2023-12-22,Ask window full.,-1653.56,debit,Food & Drink
2023-12-23,Do interesting material.,-1781.32,debit,Travel
2023-12-25,Event smile popular hundred live.,-1901.21,debit,Salary
2023-12-26,Memory challenge lawyer business.,-1635.01,debit,Food & Drink
2023-12-27,Discuss wall ahead scene.,-1124.7,debit,Health & Fitness
2023-12-29,Question will him quickly.,-1436.15,debit,Salary
2023-12-29,Perform benefit baby.,-236.91,debit,Salary
2023-12-29,Society dark product make.,-14.37,debit,Entertainment
2024-01-02,Gas teacher national weight all.,-1099.9,debit,Travel
2024-01-02,Himself fire heavy.,-101.1,debit,Rent
2024-01-04,Allow news.,3852.0,credit,Investment
2024-01-04,Man care resource.,2036.0,credit,Investment
2024-01-07,Notice make.,2266.0,credit,Other
2024-01-09,Occur live take media hot.,-1436.41,debit,Entertainment
2024-01-09,Wife pay good within fly.,880.0,credit,Other
2024-01-10,And student give score agree.,-1546.57,debit,Rent
2024-01-11,Best generation group goal.,-1928.07,debit,Utilities
2024-01-11,Doctor fine be.,4045.0,credit,Investment
2024-01-11,Boy college mrs.,-1849.5,debit,Salary
2024-01-12,Price institution method inside.,-1386.72,debit,Utilities
2024-01-13,Onto worry help hope.,1348.0,credit,Investment
2024-01-14,Space beyond.,-1013.18,debit,Health & Fitness
2024-01-15,Market specific property coach.,-554.46,debit,Entertainment
2024-01-16,Wide cut player wind.,-911.16,debit,Travel
2024-01-16,Degree enter father of source.,4696.0,credit,Other
2024-01-16,Behind front attack song little.,-1426.63,debit,Health & Fitness
2024-01-17,Somebody prepare few sound.,-409.77,debit,Entertainment
2024-01-19,Material produce station visit environmental.,-1012.75,debit,Utilities
2024-01-19,Table trade various risk art.,-1423.6,debit,Health & Fitness
2024-01-19,Finish increase economy middle public.,-1376.36,debit,Travel
2024-01-19,Thing physical might.,-1962.86,debit,Utilities
2024-01-20,Leg drive second she.,-1169.78,debit,Salary
2024-01-22,Five store ask data.,-1351.74,debit,Shopping
2024-01-23,Statement position either.,-1756.18,debit,Travel
2024-01-24,Draw change agree someone.,-1050.23,debit,Food & Drink
2024-01-25,Magazine yard instead town.,934.0,credit,Investment
2024-01-26,Evening ahead smile.,-541.29,debit,Entertainment
2024-01-26,Compare system white magazine after.,-1369.95,debit,Travel
2024-01-26,Own test too imagine.,2917.0,credit,Investment
2024-01-27,However style.,-723.78,debit,Food & Drink
2024-01-28,Born same usually.,-1487.4,debit,Entertainment
2024-01-30,Wear use edge this draw.,-1026.74,debit,Entertainment
2024-02-01,Forget once hope security.,-1388.94,debit,Travel
2024-02-06,Design blood degree ever.,3674.0,credit,Other
2024-02-07,Television argue mouth.,-1932.01,debit,Health & Fitness
2024-02-07,Nation little east everyone.,2163.0,credit,Other
2024-02-10,Little happy final population.,-1661.67,debit,Salary
2024-02-10,Real small.,-1512.66,debit,Health & Fitness
2024-02-10,Need finally when.,-1554.53,debit,Entertainment
2024-02-14,Movement door kind.,-903.14,debit,Travel
2024-02-14,Until truth feeling view.,-382.08,debit,Rent
2024-02-15,Decision three trouble.,3590.0,credit,Investment
2024-02-16,Smile ever bag single.,2664.0,credit,Other
2024-02-17,Say unit four institution.,546.0,credit,Other
2024-02-19,Recognize media goal.,-89.48,debit,Utilities
2024-02-21,Law agree appear political.,-1549.59,debit,Food & Drink
2024-02-21,Able customer figure.,-986.2,debit,Travel
2024-02-21,Book economic.,-155.03,debit,Health & Fitness
2024-02-22,Rate society floor long same.,-1914.41,debit,Entertainment
2024-02-23,Reach step son.,-837.7,debit,Utilities
2024-02-23,Increase consider.,-705.31,debit,Rent
2024-02-24,Cup red collection husband.,-1993.3,debit,Salary
2024-02-24,Difference way type positive phone.,-668.82,debit,Health & Fitness
2024-02-25,Employee become happy water bring.,-238.3,debit,Food & Drink
2024-02-27,Significant up still management.,-1809.95,debit,Entertainment
2024-02-27,Course technology site.,-1918.2,debit,Entertainment
2024-02-27,High issue deal democratic.,-768.93,debit,Health & Fitness
2024-02-28,Industry impact certainly.,-777.89,debit,Rent
2024-02-29,Dog late eat.,-59.16,debit,Travel
2024-03-02,Beat light the window.,-1033.48,debit,Health & Fitness
2024-03-03,Require remain save.,-97.26,debit,Salary
2024-03-05,Likely great paper.,1871.0,credit,Investment
2024-03-05,Believe arrive.,-647.42,debit,Entertainment
2024-03-06,Provide car throughout american.,-1731.25,debit,Entertainment
2024-03-06,College manage fund.,-419.1,debit,Rent
2024-03-06,Effect people.,-1257.6,debit,Food & Drink
2024-03-07,Bed report item.,-1296.66,debit,Shopping
2024-03-07,Finish without.,-57.27,debit,Utilities
2024-03-08,Security unit executive.,-184.17,debit,Food & Drink
2024-03-11,Stop unit might job close.,1077.0,credit,Other
2024-03-13,New type pm.,-1822.86,debit,Entertainment
2024-03-15,Country approach.,-1264.13,debit,Salary
2024-03-16,Like clear.,-785.11,debit,Food & Drink
2024-03-18,Break time manager kid.,1018.0,credit,Investment
2024-03-26,Leader both rest challenge.,-1404.76,debit,Food & Drink
2024-03-27,Data exist.,2874.0,credit,Investment
2024-03-28,State none production defense your.,-1217.07,debit,Travel
2024-03-29,Short congress turn east marriage.,-769.01,debit,Salary
2024-03-30,Ago race quite hour.,-953.24,debit,Food & Drink
2024-03-30,Child ball store process.,-1496.04,debit,Utilities
2024-04-03,Western order accept wide prevent.,-1920.67,debit,Travel
2024-04-04,Water yourself trade someone.,591.0,credit,Other
2024-04-06,Tell soon executive.,-255.24,debit,Utilities
2024-04-07,Natural own.,4900.0,credit,Other
2024-04-08,Effort drive side human.,-616.34,debit,Rent
2024-04-09,Clear single expect.,-431.36,debit,Health & Fitness
2024-04-09,Fear song save.,-330.3,debit,Utilities
2024-04-10,Environmental outside bed institution.,4996.0,credit,Investment
2024-04-10,Capital program story mention majority.,-396.71,debit,Travel
2024-04-11,Control piece behavior message wind.,-588.4,debit,Rent
2024-04-13,Us money positive.,2117.0,credit,Investment
2024-04-16,Life bad soon.,-1903.56,debit,Salary
2024-04-17,Worker range feel.,-209.09,debit,Entertainment
2024-04-17,Into notice necessary true message.,-642.39,debit,Entertainment
2024-04-17,Including let result spend.,-1389.98,debit,Travel
2024-04-18,One shoulder administration.,3091.0,credit,Other
2024-04-20,Skill successful and.,-19.62,debit,Utilities
2024-04-21,Finish right serious.,-1427.28,debit,Entertainment
2024-04-22,Space game truth special decision.,-1681.82,debit,Travel
2024-04-23,Else pull its adult house.,4431.0,credit,Other
2024-04-25,Pretty least if.,-1551.79,debit,Health & Fitness
2024-04-26,Peace wind guess.,-359.78,debit,Rent
2024-04-26,Because career course.,-1718.84,debit,Travel
2024-04-30,Teacher decide possible.,2656.0,credit,Investment
2024-05-02,Success teach mrs beat.,-1457.58,debit,Rent
2024-05-03,Listen against coach.,-1627.16,debit,Food & Drink
2024-05-04,White likely teacher one.,-1813.54,debit,Entertainment
2024-05-04,Notice street anything.,-1311.28,debit,Salary
2024-05-05,Piece require.,2329.0,credit,Other
2024-05-05,Say other never fact.,-276.42,debit,Travel
2024-05-14,Main opportunity particularly question.,-799.6,debit,Rent
2024-05-15,Research month instead.,-1697.48,debit,Entertainment
2024-05-17,As throughout individual list manager.,-1516.84,debit,Utilities
2024-05-20,Recently again explain court.,1967.0,credit,Investment
2024-05-22,Discussion detail training fund.,-1474.48,debit,Utilities
2024-05-23,Third rich hospital.,-90.44,debit,Health & Fitness
2024-05-25,Somebody son suddenly perform.,-135.09,debit,Entertainment
2024-05-26,Project can.,-1340.49,debit,Food & Drink
2024-05-27,Paper beyond indeed.,-782.31,debit,Health & Fitness
2024-05-27,Doctor news yourself.,-89.41,debit,Food & Drink
2024-05-31,Ground city still.,-1410.44,debit,Rent
2024-06-01,Southern front.,-1671.4,debit,Travel
2024-06-02,Dinner no main year size.,-759.55,debit,Utilities
2024-06-02,Environment character real middle prove.,-1038.16,debit,Rent
2024-06-03,Sometimes while sense window.,-1037.58,debit,Entertainment
2024-06-04,Among black picture that treat.,-978.85,debit,Health & Fitness
2024-06-06,Remain seven marriage.,-1008.66,debit,Food & Drink
2024-06-07,Positive free case.,2384.0,credit,Investment
2024-06-09,Wide shoulder according strong.,2232.0,credit,Other
2024-06-10,Expert commercial entire resource.,3467.0,credit,Investment
2024-06-12,Picture early send morning.,-1325.61,debit,Rent
2024-06-13,Soon including important.,-1443.31,debit,Health & Fitness
2024-06-13,Some gun ahead certainly act.,-963.25,debit,Salary
2024-06-14,Be fire.,-54.67,debit,Shopping
2024-06-15,Article service produce political.,1603.0,credit,Investment
2024-06-16,Within woman.,-1782.69,debit,Food & Drink
2024-06-17,Information though red.,2615.0,credit,Investment
2024-06-21,Training account evidence month.,-1202.72,debit,Shopping
2024-06-21,Land day name small.,-1758.23,debit,Food & Drink
2024-06-22,Thought sit identify culture.,-1895.04,debit,Travel
2024-06-23,Already free.,-1735.93,debit,Salary
2024-06-23,Yeah exist behavior necessary miss.,1669.0,credit,Other
2024-06-23,Agreement someone.,-1250.19,debit,Utilities
2024-06-23,Strategy fight institution.,-1451.13,debit,Utilities
2024-06-23,Rule success.,-1197.1,debit,Salary
2024-07-01,Medical buy series walk large.,3657.0,credit,Other
2024-07-05,Law work.,2157.0,credit,Investment
2024-07-06,Research visit program suddenly doctor.,-1654.76,debit,Shopping
2024-07-07,Project spring of.,-956.98,debit,Utilities
2024-07-07,Mind easy foreign old.,-1756.73,debit,Food & Drink
2024-07-07,Better republican stock bank.,-195.45,debit,Rent
2024-07-07,Thousand live land hard.,-1794.97,debit,Food & Drink
2024-07-13,Open million house enough.,-1048.87,debit,Shopping
2024-07-13,You ready way rule.,-1398.31,debit,Food & Drink
2024-07-16,Certain camera represent.,-1581.22,debit,Salary
2024-07-20,Tell brother defense list second.,-856.72,debit,Rent
2024-07-21,Tv budget system book.,-1821.07,debit,Entertainment
2024-07-22,Face mission brother figure hear.,2611.0,credit,Other
2024-07-23,Democratic standard major.,3572.0,credit,Investment
2024-07-23,Agreement central six instead.,4780.0,credit,Investment
2024-07-25,Give that individual of not.,-823.6,debit,Health & Fitness
2024-07-26,Little result paper seven.,2577.0,credit,Other
2024-07-26,Seven project chance road.,-1133.69,debit,Shopping
2024-07-26,Professor important do house must.,-1512.39,debit,Shopping
2024-07-26,Position tend religious.,-365.65,debit,Salary
2024-07-27,Someone religious night buy nice.,-515.02,debit,Salary
2024-07-27,My serious whatever miss seek.,-1550.65,debit,Health & Fitness
2024-07-27,Build view.,-1711.45,debit,Utilities
2024-07-28,Ever day.,-898.72,debit,Entertainment
2024-07-28,Be move fly open.,-209.55,debit,Utilities
2024-07-29,Eight bed fill.,-1610.7,debit,Food & Drink
2024-07-29,Future congress.,-1603.7,debit,Health & Fitness
2024-07-29,Fish either boy between collection.,-329.87,debit,Food & Drink
2024-07-30,Arrive which consider.,-1852.46,debit,Salary
2024-07-30,Hope floor include.,-533.55,debit,Rent
2024-08-01,Heart still building.,-1451.74,debit,Food & Drink
2024-08-02,Sell only manage.,-1231.79,debit,Shopping
2024-08-02,We especially five network.,-1891.97,debit,Food & Drink
2024-08-03,Ahead plant trial affect.,-883.55,debit,Salary
2024-08-03,Push east never size fight.,-397.55,debit,Travel
2024-08-08,Base player data whose.,-1234.23,debit,Entertainment
2024-08-09,World site mr interest treatment.,-486.12,debit,Health & Fitness
2024-08-11,A let.,1211.0,credit,Investment
2024-08-14,A value lot.,-712.72,debit,Shopping
2024-08-14,Yourself successful defense subject.,-1040.31,debit,Entertainment
2024-08-14,Claim move.,-1839.16,debit,Rent
2024-08-15,Bed recognize store.,-701.48,debit,Health & Fitness
2024-08-22,There decision measure.,-1216.66,debit,Entertainment
2024-08-23,Play woman remain event.,538.0,credit,Other
2024-08-25,Decision where foreign trial.,-1017.41,debit,Shopping
2024-08-25,Participant above.,-686.53,debit,Travel
2024-08-25,Including time reflect.,4906.0,credit,Other
2024-08-27,Good spend still.,-1542.23,debit,Salary
2024-08-27,Ball theory prepare much throughout.,-1391.44,debit,Travel
2024-08-28,Concern should recent across.,-1366.37,debit,Salary
2024-08-28,View know develop after.,-969.12,debit,Food & Drink
2024-08-28,Course staff personal space.,-1270.99,debit,Shopping
2024-08-30,Woman whose already.,-1602.32,debit,Entertainment
2024-09-01,Decide cultural start how thank.,-1037.84,debit,Health & Fitness
2024-09-02,Management necessary process not.,2533.0,credit,Other
2024-09-05,Pass quite third ability interview.,3396.0,credit,Other
2024-09-05,Assume campaign assume.,-1350.66,debit,Shopping
2024-09-05,Talk thing rock ever summer.,-1113.56,debit,Rent
2024-09-05,Item yet ever quite.,-373.74,debit,Travel
2024-09-06,Guess service this different.,-1003.01,debit,Entertainment
2024-09-07,Mother first hot free.,2674.0,credit,Investment
2024-09-08,Wrong difficult.,-1671.53,debit,Entertainment
2024-09-10,True culture.,-320.43,debit,Health & Fitness
2024-09-13,As personal agreement.,4535.0,credit,Investment
2024-09-15,Or phone.,-1697.54,debit,Food & Drink
2024-09-16,East list when.,-989.76,debit,Health & Fitness
2024-09-17,Mind door authority outside.,-986.7,debit,Travel
2024-09-17,Personal often.,-801.78,debit,Travel
2024-09-17,True help.,-117.75,debit,Utilities
2024-09-18,Artist sort area.,-1879.91,debit,Salary
2024-09-21,Big argue.,3725.0,credit,Other
2024-09-22,Sure i pay.,-919.82,debit,Utilities
2024-09-23,Ten skin perhaps.,3085.0,credit,Other
2024-09-24,Less into per big.,-1351.47,debit,Food & Drink
2024-09-25,Military onto blue activity.,-657.62,debit,Rent
2024-09-26,Smile cover of pm eight.,-382.43,debit,Travel
2024-09-26,Right know during someone.,-947.98,debit,Travel
2024-09-27,Find job where.,-375.99,debit,Health & Fitness
2024-09-27,On must certainly.,-1404.42,debit,Shopping
2024-10-01,Owner fact wife.,-566.46,debit,Shopping
2024-10-01,Price certain down standard nice.,2372.0,credit,Investment
2024-10-02,Gas with policy cut.,-1610.13,debit,Travel
2024-10-02,Country little reality level.,-400.17,debit,Shopping
2024-10-03,Not friend federal forget bit.,-951.24,debit,Utilities
2024-10-04,Lose shoulder spring.,4486.0,credit,Other
2024-10-04,Detail about development discover.,4592.0,credit,Other
2024-10-07,Hundred step according.,-802.82,debit,Food & Drink
2024-10-08,Group never.,-438.78,debit,Food & Drink
2024-10-09,Key place tree.,-905.21,debit,Rent
2024-10-10,Wish current.,-727.01,debit,Health & Fitness
2024-10-10,Despite energy company.,-694.84,debit,Travel
2024-10-11,Condition again successful.,-1736.06,debit,Health & Fitness
2024-10-12,Story case.,-1157.94,debit,Entertainment
2024-10-15,Very figure drive special.,-1958.95,debit,Utilities
2024-10-17,With young think there assume.,-1349.65,debit,Health & Fitness
2024-10-17,Some court her.,-1780.37,debit,Salary
2024-10-18,Outside with each animal.,-932.87,debit,Travel
2024-10-19,Take family chance.,-1284.76,debit,Utilities
2024-10-19,Picture evidence.,-1266.23,debit,Shopping
2024-10-21,Why though decide bank likely.,-167.43,debit,Rent
2024-10-21,Meet seem population.,-640.59,debit,Health & Fitness
2024-10-21,Material less focus hear.,-1214.72,debit,Travel
2024-10-23,Listen ok point so.,-1564.14,debit,Salary
2024-10-24,Detail data tell.,-833.84,debit,Salary
2024-10-28,Fill thousand number.,1524.0,credit,Investment
2024-11-01,Nearly care base.,-1881.47,debit,Travel
2024-11-02,Goal once let perform international.,-429.04,debit,Rent
2024-11-03,Doctor population grow bar.,-62.47,debit,Food & Drink
2024-11-03,Important source first him.,-136.95,debit,Rent
2024-11-11,National back everybody direction budget.,-216.82,debit,Rent
2024-11-11,National free.,-1313.12,debit,Rent
2024-11-12,Few spring raise.,-466.42,debit,Travel
2024-11-13,Relationship your your.,-1256.7,debit,Salary
2024-11-13,Across federal state.,734.0,credit,Investment
2024-11-13,State serious activity pressure.,3164.0,credit,Other
2024-11-13,Dinner rich decide do.,-1950.21,debit,Salary
2024-11-14,Serious reveal left social fine.,-1101.61,debit,Travel
2024-11-14,Show recently decide last.,4240.0,credit,Investment
2024-11-16,Hear officer.,-1051.69,debit,Shopping
2024-11-17,With yes nothing.,500.0,credit,Investment
2024-11-17,For age size.,-830.29,debit,Health & Fitness
2024-11-17,Wall act special.,-1818.76,debit,Travel
2024-11-17,Different international sell several.,-1611.37,debit,Entertainment
2024-11-18,Woman daughter hospital move.,-694.33,debit,Utilities
2024-11-18,Board notice later thus.,-1378.66,debit,Food & Drink
2024-11-19,Bit need allow.,-606.22,debit,Salary
2024-11-20,Cost attorney.,-1198.04,debit,Travel
2024-11-20,Day fact modern.,-385.26,debit,Health & Fitness
2024-11-22,Happy action.,-795.56,debit,Shopping
2024-11-23,Hospital writer can industry.,3599.0,credit,Other
2024-11-24,Cut yard knowledge.,-831.68,debit,Travel
2024-11-24,City offer financial data.,-576.51,debit,Travel
2024-11-24,Western tend candidate day.,-850.26,debit,Rent
2024-11-25,Space moment travel these least.,-281.88,debit,Utilities
2024-11-25,Say explain.,4209.0,credit,Other
2024-11-25,Red republican father party.,-383.7,debit,Salary
2024-11-26,Eat tonight run leader.,4882.0,credit,Investment
2024-11-29,Believe recognize analysis those citizen.,2811.0,credit,Investment
2024-11-30,Project at risk.,-1456.94,debit,Salary
2024-12-02,In seven building hard.,-39.3,debit,Utilities
2024-12-05,Short for late education.,-630.04,debit,Shopping
2024-12-06,Left available.,-932.73,debit,Health & Fitness
2024-12-09,Gas human create also.,-169.64,debit,Health & Fitness
2024-12-11,Remember carry.,-121.52,debit,Utilities
2024-12-12,Leave bar prevent require.,-1090.95,debit,Rent
2024-12-12,Likely evidence claim.,3625.0,credit,Other
2024-12-15,Beyond family movement hospital back.,-1949.45,debit,Rent
2024-12-16,Child group describe.,-1544.74,debit,Shopping
2024-12-19,Democratic recent student specific political.,-406.37,debit,Food & Drink
2024-12-19,Real know our any.,-1047.07,debit,Rent
2024-12-21,Up hear draw.,-784.35,debit,Salary
2024-12-23,Instead writer.,-325.64,debit,Health & Fitness
2024-12-28,Right analysis mention.,-727.25,debit,Entertainment
2024-12-28,Quite as when.,-514.09,debit,Rent
2024-12-28,No couple debate must.,1425.0,credit,Investment
2024-12-29,Discussion black follow.,-655.78,debit,Shopping
2024-12-29,Pressure activity defense detail.,1480.0,credit,Other
